years_experience,num_past_companies,education_level,num_certifications,employment_gap_months,skill_score,communication_score,problem_solving_score,cultural_fit_score,applied_role_match,num_interviews_given,referral,cleared_all_rounds
6,5,Master,2,18,75.2,74.2,58.1,37.1,1,3,0,0
3,5,Master,4,18,72.5,55.7,45.1,20.0,0,8,0,0
12,7,High School,1,5,71.2,63.8,73.0,75.4,1,1,0,1
14,2,Bachelor,4,5,67.9,70.8,25.3,39.4,1,9,1,1
10,1,Bachelor,1,19,51.8,84.6,66.5,50.0,1,2,0,1
7,4,Bachelor,2,14,81.2,48.4,80.4,89.7,1,2,1,1
12,7,High School,2,14,78.5,66.6,64.9,69.4,1,4,1,1
4,2,PhD,3,19,48.9,96.3,53.9,92.8,1,3,0,0
6,1,Bachelor,5,8,84.7,56.8,42.1,60.4,1,4,1,1
9,6,Bachelor,1,3,67.0,63.5,79.3,69.1,0,6,0,1
2,3,Bachelor,3,17,66.9,96.3,76.8,53.2,1,7,1,1
6,5,Bachelor,1,17,62.4,71.5,51.7,41.0,1,5,0,0
10,6,Master,3,4,63.8,33.5,52.1,69.0,1,2,1,1
10,1,Bachelor,2,19,85.6,45.7,81.0,49.3,1,3,1,1
7,6,PhD,4,22,80.5,72.4,70.5,70.9,1,3,0,1
4,3,Bachelor,6,10,80.2,67.6,33.4,46.6,0,5,1,1
3,7,PhD,3,4,67.8,62.9,58.9,54.5,0,5,0,0
7,1,Master,1,21,78.3,98.9,58.3,56.1,0,4,0,0
7,6,Bachelor,1,3,52.5,48.9,66.0,79.5,1,8,1,1
2,5,PhD,6,11,73.8,58.7,62.1,49.5,1,6,0,1
5,5,Bachelor,5,1,62.7,24.7,53.8,81.7,1,6,1,1
4,2,Master,2,12,34.1,80.9,64.9,39.9,1,1,0,0
1,6,Bachelor,1,9,41.2,45.6,54.8,63.4,1,6,1,0
7,4,Master,0,8,55.1,79.0,100.0,44.2,1,3,0,1
11,6,Master,4,9,71.2,77.1,64.0,80.3,1,6,0,1
13,7,Master,3,6,55.1,100.0,61.8,41.6,1,6,0,1
5,1,Master,5,3,56.1,71.7,91.5,43.7,1,2,0,1
1,1,Bachelor,6,18,76.4,53.6,40.2,32.9,1,1,0,0
11,7,High School,4,9,56.7,68.2,60.2,60.1,1,3,0,1
4,6,Bachelor,2,2,85.0,46.3,46.8,69.8,1,5,0,1
0,7,Bachelor,5,20,82.5,65.7,72.2,67.7,0,4,0,1
11,3,Master,3,18,65.3,56.4,54.1,55.1,0,7,0,1
9,7,Bachelor,3,20,76.3,58.7,71.3,44.8,1,4,0,1
5,5,PhD,6,1,74.3,43.8,70.1,52.4,1,8,0,1
12,7,Master,0,19,61.3,65.4,74.5,53.2,0,7,1,0
11,1,Master,6,9,77.9,74.8,70.4,63.1,0,9,0,1
8,5,Bachelor,2,1,80.1,30.3,58.4,61.7,0,1,0,0
0,1,Master,5,1,50.7,47.6,39.6,92.8,1,5,0,1
10,2,PhD,5,23,67.3,63.0,78.1,58.8,0,4,1,1
10,4,Bachelor,1,16,67.1,20.0,84.5,65.2,0,6,0,0
14,1,Master,0,15,77.7,91.3,47.0,59.4,0,1,1,1
9,5,Master,0,15,58.3,47.2,73.8,51.5,0,6,0,0
11,2,Bachelor,5,13,56.0,43.1,43.3,65.1,1,1,0,1
11,1,Bachelor,5,6,67.5,56.3,65.3,49.6,0,1,1,1
14,3,Bachelor,4,20,82.7,62.5,68.6,56.8,1,8,0,1
13,7,Bachelor,4,10,47.0,46.4,55.2,81.2,1,2,0,1
13,4,Bachelor,4,23,49.6,77.6,63.5,48.3,1,6,1,1
14,1,High School,0,0,57.2,67.2,75.6,65.7,0,6,1,1
13,2,High School,1,10,59.9,44.9,60.2,20.0,0,6,1,0
2,3,Bachelor,3,22,38.5,50.6,51.2,54.3,0,8,1,0
11,6,PhD,4,20,87.5,32.7,42.4,48.2,0,4,1,0
6,2,Bachelor,1,3,63.0,37.4,55.7,60.4,1,3,1,0
3,7,PhD,6,6,60.8,67.0,43.2,53.3,0,6,0,0
8,2,Bachelor,2,14,89.3,45.1,56.0,60.8,0,4,1,0
2,3,Bachelor,4,17,75.8,92.5,54.6,50.4,1,2,1,1
4,2,Bachelor,6,11,57.0,61.3,74.9,65.7,1,6,0,1
2,3,Bachelor,3,16,67.5,35.6,63.2,23.7,0,5,0,0
6,1,Bachelor,2,0,64.4,39.4,100.0,60.2,0,9,0,0
4,3,Master,2,10,86.7,79.0,29.8,39.3,0,6,1,1
8,3,Bachelor,3,0,62.5,58.6,67.0,81.4,1,3,0,1
6,4,Master,4,14,43.4,77.9,54.8,38.9,1,5,1,0
1,3,Master,0,20,36.8,53.4,46.7,77.9,1,8,0,0
3,3,Bachelor,3,9,87.1,49.9,61.5,57.8,1,9,1,1
8,6,High School,3,6,53.2,80.2,60.3,21.4,1,8,0,1
11,1,Master,3,1,75.1,44.5,79.2,40.5,0,3,1,1
13,7,Bachelor,2,9,66.1,68.8,63.5,75.0,1,9,1,1
1,4,High School,1,23,58.8,56.2,50.9,73.8,1,3,1,0
9,6,PhD,6,3,61.1,75.8,67.3,32.0,1,8,1,1
8,5,High School,0,11,88.8,92.7,58.3,89.3,1,9,1,1
9,1,Master,4,18,43.3,52.9,44.0,57.5,1,7,0,0
4,1,PhD,4,10,59.2,50.2,58.0,75.7,1,4,0,0
1,5,Bachelor,6,7,78.6,72.0,65.7,33.8,0,9,1,1
3,7,Bachelor,1,17,45.8,40.5,63.2,48.9,1,3,0,0
11,3,Bachelor,3,10,84.8,89.1,67.3,66.3,0,3,0,1
14,6,Bachelor,0,10,78.4,86.0,53.6,51.7,1,2,0,1
11,2,Bachelor,4,12,69.1,42.0,67.1,20.0,0,3,0,1
6,4,Master,6,2,57.5,31.5,63.9,54.2,1,1,0,0
11,2,High School,5,11,43.8,39.1,64.1,20.0,1,4,1,0
12,5,Bachelor,6,2,75.6,39.4,62.5,36.6,1,8,0,1
7,1,PhD,4,9,100.0,74.4,96.8,29.9,1,5,0,1
14,7,Master,3,16,67.2,87.9,79.8,80.7,1,2,0,1
2,1,Master,5,21,37.6,74.2,66.7,86.9,1,3,1,1
13,4,Bachelor,1,1,71.9,55.7,49.2,64.8,0,1,1,1
0,1,Master,0,16,77.9,66.2,57.3,53.4,1,2,1,0
3,1,Bachelor,1,15,51.2,44.3,87.9,58.6,0,1,0,0
1,4,Bachelor,1,1,55.3,79.7,53.0,80.6,0,2,1,0
7,6,Bachelor,6,21,53.8,67.8,59.3,20.0,0,3,1,0
3,6,Master,0,19,57.0,73.9,58.5,36.5,1,1,1,0
1,4,Bachelor,0,5,62.4,46.9,67.9,78.1,1,9,1,1
13,7,Bachelor,4,9,52.1,57.0,55.0,82.2,0,5,0,0
5,5,Bachelor,4,9,46.5,73.1,64.8,69.8,1,8,0,1
5,1,Bachelor,0,7,67.6,86.0,55.4,37.1,1,5,0,0
9,7,Master,5,0,62.3,49.1,83.0,77.8,1,8,0,1
3,1,Master,2,12,58.5,74.0,51.0,85.2,1,7,1,1
5,5,Master,4,23,66.2,47.2,77.6,72.4,0,4,1,1
12,6,High School,2,8,42.2,98.1,52.6,20.0,1,7,1,1
14,7,Bachelor,6,21,68.9,52.5,48.3,60.5,0,6,0,1
1,3,Bachelor,5,9,58.8,71.6,50.8,69.7,1,3,0,0
9,3,High School,0,14,68.6,63.0,34.6,47.7,1,9,0,0
11,3,Bachelor,5,4,71.0,100.0,69.0,61.7,1,9,0,1
1,6,Master,4,21,82.0,64.1,43.4,47.7,0,5,0,0
9,6,Bachelor,1,15,66.5,50.7,56.3,40.8,0,8,1,0
13,5,Bachelor,6,12,81.0,71.5,74.2,88.2,0,7,0,1
3,1,Bachelor,0,21,60.2,71.1,73.7,62.3,1,9,1,0
13,5,High School,3,19,60.9,57.2,39.1,35.9,0,7,0,0
14,5,Bachelor,6,17,63.6,40.3,67.0,30.5,1,4,1,1
14,6,PhD,2,10,76.6,50.5,80.2,40.8,0,4,0,1
7,3,Master,5,8,74.5,75.9,51.8,40.9,1,8,0,1
13,2,PhD,0,15,67.0,28.5,70.2,60.9,0,6,1,1
6,1,Bachelor,6,1,46.6,55.5,43.7,67.7,0,9,1,0
11,6,Bachelor,5,1,74.2,77.9,68.2,67.7,1,7,0,1
8,3,Bachelor,0,11,52.1,58.3,64.1,43.0,1,7,0,0
13,7,Bachelor,4,7,51.3,99.1,72.6,76.4,1,4,0,1
7,2,Master,6,8,47.9,28.6,71.6,82.6,0,3,1,0
4,2,High School,4,11,63.8,42.7,40.3,52.8,1,8,1,0
12,6,Bachelor,6,8,83.2,20.0,64.2,37.4,1,7,0,1
1,4,Bachelor,4,9,50.5,95.9,85.2,60.0,0,4,0,1
14,1,Bachelor,5,1,90.2,43.0,27.0,100.0,1,4,1,1
4,2,Master,3,15,78.6,24.2,77.5,36.8,1,1,0,1
7,6,Bachelor,6,19,43.0,49.0,87.6,47.5,0,7,1,1
9,6,Bachelor,6,6,59.3,34.9,38.2,59.1,1,1,0,1
8,3,Bachelor,4,1,49.4,49.1,51.3,68.8,1,4,0,0
11,7,Bachelor,0,0,75.0,60.7,70.3,20.0,0,3,0,0
11,4,Master,6,18,50.2,74.5,47.8,84.1,1,3,0,1
11,1,Master,4,3,40.7,56.9,83.8,83.8,0,1,0,0
12,5,PhD,1,23,60.1,60.5,78.9,49.5,1,4,1,1
8,7,Master,4,21,82.5,49.5,39.8,100.0,1,1,1,1
12,7,Bachelor,5,1,62.1,32.8,50.1,82.6,0,8,1,1
14,3,Master,3,13,71.0,26.8,74.3,81.5,0,1,1,1
12,2,Bachelor,1,1,71.6,53.4,73.7,81.8,0,6,0,1
0,2,Bachelor,5,14,42.3,61.5,97.5,81.2,1,7,0,1
8,3,Master,5,11,51.5,52.1,47.9,57.6,1,2,1,1
6,6,High School,5,4,65.1,27.4,85.3,55.6,0,4,0,1
8,2,PhD,0,19,56.6,63.6,47.4,39.1,0,3,0,0
7,4,Bachelor,5,6,90.6,89.3,70.0,46.5,0,9,0,1
0,1,Master,0,23,46.6,57.9,76.3,51.8,0,7,0,0
11,7,Master,5,20,51.4,49.6,20.0,59.3,1,2,0,0
7,7,Master,2,9,69.4,58.9,76.6,90.0,1,6,1,1
7,4,Master,1,13,55.6,40.1,84.2,20.0,1,9,1,1
14,2,Master,2,13,21.6,39.0,79.5,84.9,1,3,1,1
10,7,High School,5,4,94.0,68.1,94.9,37.8,1,6,1,1
2,5,Bachelor,1,17,48.9,77.8,77.4,55.9,1,3,1,1
0,1,Bachelor,1,23,73.4,57.4,53.4,43.5,1,3,0,0
7,1,Master,6,13,46.2,24.5,81.8,95.1,1,4,0,1
2,7,Bachelor,3,1,52.1,66.4,52.5,48.0,0,9,1,0
2,3,Master,2,11,40.7,97.2,63.3,68.4,0,8,0,0
0,7,High School,3,21,53.9,55.6,75.3,69.5,0,1,0,0
10,3,High School,1,23,55.3,56.8,69.2,34.8,1,1,0,1
4,7,Master,0,5,63.0,44.3,83.6,56.1,1,7,0,0
9,5,High School,1,3,59.4,68.7,100.0,82.1,1,3,0,1
6,6,High School,3,12,43.4,47.9,43.8,40.5,1,7,0,0
9,1,High School,2,3,57.1,78.4,56.7,74.6,1,9,0,1
8,7,PhD,5,21,86.7,48.2,67.1,51.4,0,3,1,1
11,5,Master,6,13,84.9,66.2,54.6,81.3,0,3,0,1
6,3,Bachelor,6,15,71.8,59.2,60.8,92.9,0,2,1,1
8,3,Bachelor,6,3,74.9,88.0,74.4,20.0,0,1,0,1
7,1,Bachelor,5,23,95.9,67.4,72.3,31.2,1,9,0,1
11,4,Master,6,0,73.6,85.0,66.0,49.2,1,6,0,1
1,7,Master,2,12,74.7,62.0,64.4,87.3,1,6,0,0
0,2,Bachelor,5,3,41.5,56.9,58.4,68.6,1,8,1,1
6,3,Bachelor,6,19,48.3,59.3,84.5,33.1,1,5,1,1
6,6,High School,5,17,64.5,46.1,88.6,71.6,1,9,1,1
13,6,Master,3,5,52.9,69.6,78.3,39.7,1,5,1,1
7,3,Master,2,2,50.0,47.6,43.6,75.4,1,2,0,0
4,4,Bachelor,4,22,51.8,62.0,57.8,68.8,1,6,0,0
2,4,High School,0,12,43.6,75.4,65.2,39.6,1,9,0,0
11,5,High School,6,15,53.1,88.5,46.9,56.7,1,3,0,1
7,6,PhD,0,4,70.1,62.9,63.3,82.5,0,4,0,0
5,5,Bachelor,5,3,91.9,75.5,62.4,20.2,1,8,0,1
10,6,Master,0,20,77.0,73.4,79.3,64.0,1,6,0,1
2,7,Master,2,7,74.5,53.1,54.0,35.9,0,7,0,0
0,7,Bachelor,2,18,40.6,97.9,80.6,57.7,1,7,0,0
2,2,Bachelor,1,13,66.8,49.6,46.7,67.2,0,4,1,0
4,7,Bachelor,6,6,64.0,61.6,48.9,98.3,0,6,1,1
14,2,Master,1,13,69.4,86.2,55.9,57.5,0,9,1,1
13,7,Master,0,5,59.6,85.7,62.8,87.3,1,3,1,1
2,1,Master,4,11,89.9,60.3,23.3,41.2,1,8,0,0
0,7,Bachelor,1,15,65.8,77.8,69.3,48.1,1,7,0,0
4,5,High School,1,16,67.3,56.0,89.3,69.7,1,4,0,1
9,3,PhD,2,12,35.6,51.2,72.4,62.0,0,3,1,0
6,5,Master,4,22,63.4,38.2,58.6,51.4,0,7,1,0
14,3,Bachelor,5,13,82.2,73.0,44.6,50.9,0,9,0,1
13,4,PhD,0,6,73.3,74.9,33.0,84.7,1,3,0,1
6,5,Master,1,13,32.7,49.8,35.7,52.2,1,9,1,0
10,4,Bachelor,4,14,58.3,64.8,59.9,37.6,0,8,0,0
8,2,Master,6,11,91.0,100.0,95.7,40.9,0,3,1,1
14,2,Master,4,16,62.7,80.6,20.0,71.4,0,8,0,0
14,1,Master,0,8,69.8,43.8,73.2,100.0,1,4,0,1
9,7,Bachelor,4,21,89.3,78.0,51.2,47.5,0,6,1,1
9,5,Bachelor,4,14,62.7,43.9,56.6,100.0,0,2,1,1
11,4,PhD,4,11,76.9,20.0,47.0,57.8,1,8,1,0
12,3,Bachelor,6,1,71.2,59.6,40.1,52.4,1,9,0,1
2,2,Bachelor,1,4,74.4,88.1,64.0,39.8,1,7,0,0
14,7,Bachelor,0,12,70.7,85.2,66.2,54.0,1,8,1,1
6,2,Bachelor,6,19,56.8,66.8,72.7,42.9,1,7,0,1
0,3,Master,4,22,58.3,50.2,35.0,41.3,1,4,0,0
3,7,PhD,4,7,52.2,68.8,76.0,25.0,1,1,1,0
12,7,Bachelor,1,13,40.4,55.2,76.3,93.3,0,3,0,1
3,4,Bachelor,0,14,83.7,50.8,68.8,79.3,1,7,0,1
13,4,Bachelor,2,10,65.2,79.1,55.3,63.4,1,7,1,1
4,5,Master,6,0,82.9,50.5,66.9,55.1,0,3,1,1
6,5,Master,1,20,88.5,80.3,59.4,57.9,1,1,0,1
6,6,Bachelor,0,2,65.8,49.3,77.5,42.5,0,9,0,0
12,6,Master,6,16,45.3,97.1,56.1,35.3,1,6,1,1
14,1,Master,4,18,62.1,30.5,63.7,72.3,1,7,1,1
10,2,Master,0,13,54.9,42.8,34.2,52.8,0,1,1,0
12,5,PhD,0,21,35.3,57.2,66.9,64.5,1,1,0,0
3,4,Bachelor,5,22,57.5,24.3,50.0,24.8,1,4,0,0
12,3,Master,0,7,63.9,20.0,70.2,51.7,1,7,1,1
6,4,Bachelor,2,12,55.4,24.4,74.6,34.9,1,8,1,1
10,2,Master,0,19,53.4,54.7,52.2,67.7,0,9,1,0
2,6,Master,2,2,45.8,55.2,62.5,77.9,1,1,0,0
5,4,Master,4,4,67.9,66.0,64.8,87.2,1,4,0,1
11,1,Master,2,8,93.0,56.5,67.9,45.4,0,4,0,1
1,2,Bachelor,6,5,84.2,65.4,74.6,35.4,1,3,1,1
9,6,Bachelor,4,21,74.8,51.9,72.5,49.6,1,7,1,1
12,3,PhD,4,1,75.1,72.9,55.9,44.0,1,1,0,1
13,6,PhD,2,12,63.0,70.7,87.6,66.6,0,9,0,1
8,7,High School,1,4,37.9,54.1,74.0,29.9,1,8,0,0
4,1,Bachelor,3,7,59.5,69.6,84.5,22.9,1,2,0,0
5,2,Bachelor,0,22,50.5,56.6,67.5,51.1,1,2,1,0
11,3,Master,5,0,67.3,32.6,68.5,72.5,0,8,1,1
11,1,Master,3,19,83.5,76.3,60.1,37.5,1,1,0,1
11,6,Bachelor,0,11,94.6,43.7,54.9,75.0,1,7,0,1
11,1,Bachelor,0,22,66.0,76.1,77.6,65.3,0,9,1,1
3,2,Master,4,10,40.0,65.8,66.2,88.9,1,3,0,0
13,5,Master,0,6,65.9,58.5,59.9,42.0,1,7,0,1
13,1,Bachelor,5,14,66.3,26.2,45.6,25.9,0,6,1,1
10,7,Bachelor,0,21,75.2,87.7,86.9,70.0,0,7,1,1
9,1,Bachelor,2,23,64.7,53.5,63.8,63.6,1,7,1,0
6,6,Bachelor,3,10,66.0,71.4,42.4,62.0,1,1,0,1
11,6,Bachelor,2,21,55.5,57.9,63.3,37.0,0,3,0,0
8,3,Master,5,15,60.3,55.1,58.8,73.5,0,1,0,0
6,6,Master,0,2,72.7,63.5,58.1,45.3,1,5,0,1
13,4,Master,6,19,34.9,60.5,71.2,62.0,1,3,1,1
0,2,Master,5,13,60.2,55.2,58.8,48.8,0,1,0,0
0,2,Bachelor,4,2,75.3,59.0,57.1,65.1,1,2,1,1
8,5,Bachelor,2,0,89.6,67.7,83.8,34.1,0,5,0,1
10,5,High School,2,20,59.0,69.0,34.2,68.0,1,3,0,0
13,2,Bachelor,1,14,82.8,60.8,61.2,71.2,1,6,1,1
8,7,Master,0,0,90.4,71.2,76.9,60.3,1,9,0,1
3,5,PhD,4,16,59.2,52.4,72.0,90.9,0,6,0,1
12,3,High School,6,1,56.6,100.0,78.3,62.1,1,2,0,1
8,6,Bachelor,2,19,62.3,86.7,94.3,76.4,1,2,0,1
2,2,Master,2,5,63.8,73.7,89.2,59.8,1,8,0,1
6,5,Bachelor,4,7,81.4,25.1,43.5,74.6,1,8,0,0
5,2,Bachelor,5,15,53.4,70.9,36.2,27.3,0,6,1,0
7,4,Master,5,18,88.1,53.9,67.2,58.7,1,7,1,1
10,1,Master,0,0,53.0,42.4,40.3,35.5,1,1,0,0
8,6,Bachelor,1,2,46.0,53.5,31.2,60.8,1,9,0,0
13,2,Bachelor,2,2,72.9,44.4,67.1,65.7,1,5,1,1
4,1,Master,1,4,83.5,69.1,71.1,74.1,1,9,0,1
0,5,Bachelor,5,11,67.7,89.1,89.4,67.8,0,2,1,1
2,1,High School,5,11,71.5,74.9,74.3,51.3,1,8,1,1
9,6,Master,3,19,94.3,100.0,92.7,42.9,1,7,0,1
11,2,High School,6,12,83.7,32.0,67.7,20.0,1,4,1,1
7,4,Master,0,19,65.5,50.9,43.8,59.4,1,3,1,0
14,7,Bachelor,3,8,58.5,43.0,75.2,80.8,1,4,1,1
10,5,PhD,6,6,81.4,82.1,83.3,60.2,0,4,0,1
5,2,Bachelor,3,3,77.4,56.0,68.3,56.3,0,8,0,0
7,6,Bachelor,3,18,71.3,63.4,85.2,60.9,0,4,1,1
8,5,Bachelor,0,21,60.1,71.4,60.0,50.2,1,5,0,0
3,3,Bachelor,0,18,63.9,33.8,70.7,61.9,0,2,1,0
0,1,Master,4,5,62.8,48.8,59.2,49.9,0,4,0,0
13,7,PhD,1,12,60.3,78.0,100.0,40.0,1,7,0,1
0,6,Bachelor,1,10,56.0,50.1,75.5,56.5,1,3,1,0
9,3,Bachelor,4,12,69.0,29.2,44.1,56.1,1,1,1,1
3,2,Master,4,12,55.3,43.8,91.6,95.5,1,8,1,1
11,4,Master,5,21,67.7,54.8,50.3,41.9,1,8,1,1
13,5,Bachelor,6,19,33.5,63.0,62.2,54.8,0,6,0,0
6,1,Bachelor,3,14,56.0,58.7,69.5,52.9,1,7,0,1
1,5,Bachelor,4,20,81.5,48.9,70.8,49.0,1,2,1,1
2,7,Master,2,12,51.5,76.9,69.7,68.3,1,5,0,0
0,2,High School,1,21,73.9,57.7,43.9,100.0,1,7,1,0
4,5,Master,4,10,52.7,63.8,69.8,51.6,1,9,0,0
0,1,Bachelor,2,18,76.6,49.9,79.6,68.3,1,1,0,1
7,2,Master,2,7,60.5,87.2,79.1,20.0,0,3,0,0
0,5,High School,2,19,60.0,53.0,41.2,50.1,1,6,0,0
10,4,Bachelor,5,7,65.8,61.3,51.5,89.1,0,7,1,1
0,6,Bachelor,5,9,44.8,78.6,45.3,56.9,1,6,1,0
1,2,Master,2,15,79.6,65.0,67.4,68.0,1,1,1,1
1,6,High School,6,18,84.6,64.6,37.2,45.5,1,4,0,0
11,2,Bachelor,5,22,59.6,24.5,44.0,63.2,1,6,0,1
5,4,Bachelor,3,10,72.9,72.3,51.4,90.7,1,8,0,1
6,6,Bachelor,2,12,76.7,61.0,33.3,34.8,0,4,0,0
4,3,Master,3,8,63.6,69.7,61.6,100.0,0,7,0,0
0,1,Master,3,19,48.4,63.3,28.3,27.1,1,3,0,0
0,3,Master,2,23,88.9,49.9,69.8,48.3,1,8,0,0
2,5,Bachelor,1,18,59.1,76.1,55.6,41.3,1,1,0,0
13,4,Master,6,15,55.9,63.6,52.0,52.6,1,4,0,1
1,3,Bachelor,2,6,89.6,36.8,54.6,41.0,0,8,0,0
4,2,High School,2,18,74.2,83.6,61.0,39.5,0,4,0,0
11,5,High School,5,11,68.9,34.3,71.5,34.3,0,2,0,0
9,5,Bachelor,2,14,50.4,76.2,83.1,70.9,1,2,1,1
5,3,Master,1,22,77.0,86.8,78.2,53.2,0,4,0,1
6,3,Master,5,13,100.0,40.1,97.7,48.0,0,4,1,1
3,4,Master,0,10,78.2,57.8,72.8,63.6,1,2,0,0
6,1,Bachelor,0,9,72.4,56.1,64.2,28.1,1,7,1,0
10,3,Bachelor,3,10,75.8,56.9,54.7,64.1,1,6,0,1
7,7,Bachelor,6,5,60.1,92.9,55.2,56.1,1,3,1,1
10,3,Bachelor,3,1,59.9,40.3,70.6,56.7,1,8,0,1
0,6,Bachelor,1,10,59.7,54.5,46.0,68.4,1,8,1,0
14,2,High School,4,18,56.4,87.1,65.7,90.9,1,1,0,1
5,7,Bachelor,6,5,59.7,54.2,61.7,64.5,1,3,0,1
7,7,Bachelor,0,13,59.6,43.2,50.4,54.0,0,5,1,0
4,6,Master,3,19,61.3,64.7,45.2,34.3,0,2,0,0
3,6,PhD,0,5,60.9,74.5,100.0,20.0,0,5,1,1
1,5,PhD,1,16,68.6,52.9,39.7,60.6,1,3,0,0
5,1,Master,1,9,66.2,70.0,60.9,32.8,0,9,0,0
5,2,Bachelor,4,0,67.5,35.2,81.6,20.0,1,1,1,1
10,4,Master,4,2,87.8,36.2,70.5,51.0,0,4,0,1
14,7,Master,5,7,66.2,52.1,54.4,62.8,1,6,0,1
0,4,Bachelor,6,7,98.2,70.6,42.9,72.9,1,9,1,1
8,3,Bachelor,1,19,70.3,73.7,64.1,79.2,1,3,1,0
11,3,Master,3,21,58.3,38.7,20.0,75.5,1,3,1,0
10,4,Bachelor,0,14,85.2,73.0,64.7,76.1,0,5,0,0
5,3,Bachelor,2,23,63.8,63.0,62.6,28.6,1,7,0,1
12,1,Bachelor,4,6,29.1,44.2,79.1,55.0,0,5,0,1
2,6,Bachelor,2,10,64.9,36.0,43.7,69.6,1,8,0,0
3,3,Bachelor,3,6,61.3,64.1,56.8,58.9,1,5,1,1
11,5,Bachelor,4,3,89.1,83.2,69.0,54.9,0,7,0,1
10,3,High School,2,11,51.5,60.6,65.3,58.6,1,6,0,1
3,2,High School,6,5,60.0,43.2,40.5,62.9,1,2,0,1
2,1,Master,3,13,84.0,26.4,51.6,56.5,1,3,1,0
9,2,Bachelor,0,11,70.9,87.5,84.4,41.1,1,4,1,1
2,2,Bachelor,6,10,62.4,78.8,66.1,23.9,1,5,1,1
14,5,Bachelor,3,18,53.7,65.4,35.4,53.9,1,9,0,0
2,1,PhD,5,20,70.3,86.6,76.1,59.1,1,6,1,1
3,1,Bachelor,4,4,64.6,64.0,36.4,58.9,1,1,1,1
6,1,Bachelor,1,13,53.5,50.4,57.1,77.1,0,3,0,0
3,1,Master,0,20,54.3,70.0,71.0,80.6,1,7,0,0
8,1,Master,6,23,52.8,45.1,81.4,55.9,1,8,0,1
0,5,Bachelor,6,15,50.1,42.1,24.6,56.1,0,7,0,0
7,3,Master,2,12,79.0,73.9,73.4,69.5,0,5,1,1
6,2,Bachelor,4,21,77.0,75.4,75.8,66.5,0,8,0,1
1,1,Bachelor,1,21,79.0,37.1,53.1,49.1,1,9,0,0
7,7,Bachelor,3,19,65.1,37.7,63.5,71.2,1,7,1,1
0,3,High School,1,21,61.4,52.0,20.0,55.1,1,9,1,0
10,3,Master,4,3,61.6,47.2,20.0,55.5,1,1,1,0
11,2,Bachelor,4,10,80.3,68.6,79.7,66.7,0,9,0,1
8,5,Bachelor,5,16,37.7,60.9,53.4,52.0,0,3,0,0
8,4,Master,5,6,57.3,81.0,56.5,59.9,1,6,0,1
1,4,Master,1,13,51.7,65.7,65.8,64.0,1,8,0,0
6,3,Bachelor,3,10,85.4,48.4,56.1,74.3,0,3,0,0
14,6,Master,1,21,57.8,26.0,54.7,73.0,1,4,0,0
13,6,Bachelor,4,8,40.5,63.2,68.3,63.3,1,7,0,1
9,2,Master,4,22,68.4,29.2,38.1,20.0,1,7,0,0
2,4,Master,2,12,59.4,48.2,80.6,62.9,1,4,0,1
6,3,PhD,5,22,56.6,47.0,58.3,66.0,1,9,1,0
11,5,High School,2,17,55.1,50.8,45.9,70.0,0,3,1,0
9,4,High School,0,10,54.5,36.3,43.8,38.9,0,8,0,0
8,3,Bachelor,4,14,75.6,46.9,62.7,20.0,1,8,0,0
3,3,Bachelor,2,21,68.4,80.6,57.1,74.1,1,4,0,0
11,1,Bachelor,1,18,62.0,80.6,37.2,33.5,1,7,0,0
0,5,PhD,5,0,48.5,87.6,52.4,82.4,0,4,0,0
1,1,Bachelor,5,3,62.5,60.2,49.1,46.4,1,1,1,1
0,2,Bachelor,3,13,68.9,64.9,82.2,37.5,0,1,1,0
13,1,Master,1,13,69.5,80.9,64.1,65.0,0,1,1,1
11,7,Bachelor,3,2,67.4,33.5,87.1,70.3,0,2,1,1
4,1,Master,2,16,51.2,74.5,50.6,69.1,1,6,1,1
4,7,High School,6,2,29.0,83.4,57.3,68.0,0,5,0,0
10,4,Bachelor,0,15,92.0,44.0,68.2,43.8,0,2,1,0
6,6,High School,1,13,45.4,84.9,71.7,27.5,1,8,0,0
8,3,High School,1,19,35.5,97.0,73.5,50.2,1,9,1,0
8,7,PhD,1,12,67.0,74.0,47.8,35.1,1,7,0,0
2,5,Bachelor,3,14,39.4,70.7,48.2,66.7,1,9,0,0
2,1,Bachelor,2,13,52.9,39.8,56.3,75.5,1,4,1,0
2,7,Bachelor,1,23,73.2,79.2,85.7,61.5,0,7,0,0
3,5,Bachelor,6,18,91.6,41.5,46.0,58.0,0,5,0,0
7,6,Master,1,5,70.8,66.7,53.6,51.8,1,5,0,0
5,6,High School,5,9,58.4,68.5,73.7,77.6,0,3,0,1
7,1,Master,0,14,64.2,20.0,72.8,21.4,1,9,1,0
0,2,PhD,5,20,37.9,67.3,70.9,33.9,1,5,1,0
7,1,Bachelor,5,21,58.2,100.0,63.3,94.5,1,6,0,1
3,4,PhD,0,19,58.3,22.3,45.0,32.9,1,3,0,0
10,7,High School,6,5,67.3,59.0,50.9,68.6,1,7,1,1
0,3,Bachelor,2,22,94.1,25.0,80.0,72.7,0,9,0,0
7,2,Bachelor,5,9,35.9,43.9,74.4,20.0,1,9,0,0
3,1,Master,2,6,58.9,25.3,40.6,23.3,0,5,0,0
5,5,PhD,5,21,37.5,62.9,75.9,83.3,1,7,1,1
7,2,Bachelor,4,16,57.4,74.3,82.9,38.5,1,3,0,1
3,7,Master,0,17,52.0,67.4,62.9,39.1,0,6,0,0
13,2,Bachelor,5,16,42.6,43.3,68.8,47.6,1,8,0,1
2,7,Bachelor,4,8,78.7,49.0,78.2,38.6,0,8,0,0
13,1,Bachelor,3,9,68.8,64.9,50.9,68.5,0,2,0,1
8,7,PhD,4,9,76.9,43.8,99.3,34.4,1,6,0,1
2,2,Master,1,6,57.0,36.1,81.6,20.0,0,7,0,0
8,5,Bachelor,5,15,63.9,55.7,70.4,81.1,0,7,0,1
12,6,Bachelor,4,17,88.9,43.0,61.4,35.3,1,3,0,1
1,2,Bachelor,2,5,65.0,67.4,69.9,43.0,1,9,1,0
13,7,Bachelor,3,19,77.1,83.4,37.0,74.6,0,2,1,1
1,6,Bachelor,6,0,55.7,100.0,95.3,59.4,1,3,0,1
1,7,Master,5,0,75.7,66.1,80.1,80.2,1,2,0,1
5,5,Bachelor,1,11,56.8,71.6,85.4,74.9,0,9,0,0
2,7,Bachelor,6,20,36.6,49.2,62.5,48.9,0,4,1,0
12,1,Bachelor,4,1,64.9,50.3,56.2,78.4,1,2,1,1
8,3,Master,6,3,57.9,83.1,51.2,61.4,1,3,0,1
3,2,Master,6,16,40.6,55.0,75.0,46.0,1,4,1,1
0,3,High School,3,3,67.9,61.3,53.8,63.8,0,6,1,1
3,7,Master,6,10,51.6,82.0,59.0,31.8,1,5,1,1
0,5,Bachelor,6,21,100.0,55.2,70.7,74.7,1,3,0,1
13,2,High School,5,3,43.0,87.0,51.5,72.1,0,8,0,1
4,7,Bachelor,3,0,46.8,70.3,78.7,60.4,0,8,0,0
3,6,Bachelor,1,6,78.0,68.2,61.7,20.0,1,7,1,1
7,4,Bachelor,4,17,63.0,48.3,37.9,81.1,1,3,1,1
7,7,PhD,3,8,77.7,69.2,51.3,66.7,1,1,0,1
6,3,Master,3,2,70.7,52.3,82.9,57.5,1,5,0,1
2,2,Master,0,7,56.3,68.4,47.0,54.4,1,1,0,0
0,3,Bachelor,3,23,44.3,58.2,76.3,47.3,1,6,0,0
0,2,Bachelor,0,18,81.1,77.4,63.9,51.1,0,7,0,0
11,7,Master,4,3,45.7,59.4,59.3,73.4,0,5,0,1
10,1,Bachelor,6,17,73.4,96.7,100.0,47.7,1,4,0,1
2,6,High School,5,19,78.8,55.0,41.5,52.5,1,2,1,0
5,7,Bachelor,5,10,63.1,50.4,50.2,55.4,1,5,0,0
6,3,Master,4,13,60.4,66.2,61.6,56.0,1,9,0,1
5,4,Bachelor,4,17,50.2,79.4,100.0,45.6,1,4,0,1
13,4,High School,2,15,71.9,79.3,61.7,54.6,0,2,1,1
13,5,Master,6,2,20.0,63.0,66.4,64.9,1,6,0,0
5,2,Bachelor,4,14,75.7,66.1,56.6,39.9,1,8,1,1
5,3,Bachelor,3,3,66.8,66.1,67.7,54.7,0,2,0,0
12,5,Bachelor,5,4,61.7,40.6,57.6,96.6,0,9,1,1
2,3,Bachelor,1,16,68.6,78.4,73.1,56.7,1,7,1,0
5,2,Master,5,6,44.4,37.4,74.4,39.4,1,2,0,0
7,7,Bachelor,0,15,28.8,40.6,58.3,37.1,0,5,1,0
10,7,Bachelor,5,13,72.0,61.0,44.0,32.7,0,5,0,0
10,4,Master,2,15,84.7,54.2,63.5,90.5,1,7,0,1
1,7,Master,6,6,38.9,74.3,84.4,78.2,1,5,0,1
4,7,Master,4,8,49.2,68.1,48.8,32.2,1,6,0,0
13,1,Bachelor,6,3,76.3,62.5,67.3,62.3,1,9,1,1
0,4,Bachelor,4,21,70.4,39.7,42.7,82.5,1,3,1,0
11,5,PhD,5,10,100.0,60.5,45.4,57.2,0,3,0,1
14,6,Master,1,1,81.1,59.1,82.8,48.2,1,8,0,1
0,1,High School,1,11,77.5,64.0,73.1,100.0,0,6,0,0
4,5,High School,2,11,53.5,52.3,67.6,20.0,1,3,1,0
11,2,Bachelor,0,3,72.9,69.4,24.9,100.0,0,2,0,0
12,1,PhD,5,17,87.4,53.8,53.2,59.2,1,2,1,1
2,5,Bachelor,4,20,62.5,67.7,71.7,83.8,0,2,0,0
3,2,Bachelor,5,6,63.2,74.3,38.8,34.0,1,5,0,0
2,4,Bachelor,2,0,67.1,50.4,56.3,43.5,0,5,1,0
0,6,Master,3,22,55.0,46.1,74.3,36.4,0,1,0,0
0,2,Master,3,12,69.0,68.6,37.8,56.0,0,2,0,0
11,7,Bachelor,2,5,68.7,36.2,35.1,64.2,1,2,0,1
11,3,Master,4,5,87.2,80.0,38.1,79.3,1,4,0,1
13,2,PhD,6,11,62.2,60.2,67.4,23.8,1,7,1,1
12,2,Bachelor,2,7,75.1,57.9,53.1,61.1,1,3,0,1
13,6,Bachelor,4,23,62.6,69.8,76.0,75.9,1,5,0,1
4,3,Bachelor,1,21,74.6,68.7,63.9,79.6,1,9,0,0
5,7,Master,2,18,61.2,60.1,92.1,49.2,1,5,0,1
2,5,Bachelor,4,4,73.6,75.8,42.2,49.4,1,9,1,1
11,5,Master,2,17,75.9,47.9,67.3,56.2,0,1,1,0
8,2,Master,2,4,49.0,72.8,49.3,61.7,1,9,1,1
4,3,Bachelor,6,9,81.5,40.6,71.6,84.1,0,5,0,0
7,3,PhD,6,0,62.5,69.2,63.9,33.8,1,8,0,1
12,7,Bachelor,4,9,58.0,54.1,46.1,42.3,0,5,0,0
0,6,Bachelor,4,4,54.3,36.4,59.5,31.4,1,6,1,0
13,4,Master,0,11,69.5,64.6,63.2,66.6,0,8,0,0
4,5,Master,2,21,64.9,59.4,52.4,80.0,1,2,0,0
14,6,Bachelor,3,6,70.6,32.2,73.6,29.6,1,3,1,1
2,1,Master,2,8,70.9,22.0,45.5,59.8,0,9,0,0
11,5,PhD,2,21,74.1,57.3,95.5,78.6,0,5,0,1
0,6,Bachelor,4,20,100.0,89.1,77.3,73.7,1,5,0,1
3,5,PhD,2,11,65.6,65.8,67.6,73.5,1,9,0,1
14,4,Bachelor,5,22,54.0,48.0,100.0,34.2,1,3,0,1
12,1,Bachelor,2,0,34.7,79.5,57.1,73.4,0,4,0,0
4,4,Bachelor,5,10,47.1,76.3,71.8,54.3,1,7,0,1
6,7,Master,6,20,83.5,82.9,65.6,79.4,1,2,0,1
0,1,Master,3,14,75.8,72.3,74.8,67.0,0,8,1,1
2,2,Bachelor,4,1,44.8,75.9,85.9,41.7,0,5,0,0
1,6,Bachelor,2,19,100.0,73.2,70.8,63.6,1,1,1,1
8,1,Master,5,6,69.9,51.4,78.7,74.4,1,3,0,1
9,7,High School,5,20,71.9,30.5,53.2,47.9,0,9,0,0
14,7,Master,6,11,98.7,50.6,58.7,60.6,1,5,1,1
5,4,Master,5,21,91.1,79.9,88.2,31.3,0,8,0,1
9,5,Bachelor,1,17,76.7,53.1,71.5,69.0,1,1,0,1
2,1,PhD,0,2,77.4,57.4,66.0,56.9,1,7,1,1
7,6,Bachelor,3,6,78.8,39.0,49.9,76.3,0,7,0,1
13,1,PhD,6,10,61.4,50.1,77.5,68.4,1,8,0,1
7,3,Master,6,17,69.3,59.8,49.5,49.9,1,3,0,1
1,5,Master,2,11,73.6,68.9,44.8,41.1,1,1,1,0
14,6,Bachelor,1,5,63.1,51.7,63.8,36.5,0,9,1,0
5,6,Master,2,4,50.5,50.5,23.6,47.9,0,1,0,0
6,2,Bachelor,2,0,61.0,75.2,71.8,75.7,1,6,0,1
1,4,Bachelor,4,11,50.2,65.9,68.0,22.9,0,9,0,0
14,2,High School,4,10,66.0,68.1,56.4,37.3,1,2,0,1
10,6,Bachelor,4,3,38.3,87.5,57.8,75.2,0,4,0,0
9,5,Bachelor,1,17,70.1,50.9,60.1,84.6,1,2,0,1
1,1,Master,2,3,40.5,59.1,49.4,38.3,0,4,0,0
9,1,Master,0,16,58.9,69.9,65.0,37.1,1,2,0,0
0,5,High School,3,1,72.6,44.3,58.0,86.1,1,1,1,1
7,6,Master,4,23,76.9,64.1,63.8,55.5,0,3,0,1
0,7,Bachelor,4,21,75.1,60.4,59.5,40.1,1,8,0,1
8,1,Master,6,1,69.8,100.0,56.4,78.9,1,5,0,1
10,7,Master,2,11,48.2,61.8,66.5,68.1,0,4,1,1
5,1,Bachelor,2,5,79.7,80.8,74.5,72.7,1,5,1,1
6,1,Master,1,9,48.6,74.9,53.6,41.2,1,6,1,1
12,4,Bachelor,1,22,81.4,39.2,68.3,65.5,0,6,0,0
9,4,Bachelor,4,20,74.4,32.1,70.3,82.9,0,5,1,1
6,3,Master,2,22,85.4,64.4,41.5,70.8,1,6,0,1
9,2,Bachelor,0,15,65.4,82.6,77.6,76.4,1,9,0,1
2,5,Bachelor,3,13,52.7,65.2,94.9,86.1,1,5,0,1
1,5,Bachelor,2,6,45.6,61.4,60.6,66.6,0,6,1,0
8,5,Master,6,18,47.3,54.9,59.3,46.7,1,4,1,1
7,3,Bachelor,2,22,40.4,36.2,58.6,75.5,0,3,1,0
12,4,Bachelor,5,16,79.1,42.7,71.9,35.9,1,6,1,1
11,6,Master,1,8,81.0,30.8,70.2,53.6,0,5,0,0
9,7,Master,6,12,73.3,40.1,36.5,69.8,1,4,0,1
6,7,Bachelor,3,21,64.5,50.5,48.1,20.0,1,5,0,0
8,6,Bachelor,4,4,95.9,74.0,70.1,63.0,1,7,1,1
3,3,Bachelor,6,22,63.5,52.0,59.7,64.0,1,1,0,1
12,6,Bachelor,2,4,68.3,64.6,43.3,35.3,1,1,1,1
3,5,Bachelor,4,9,64.3,62.4,86.0,64.5,1,1,0,1
0,2,Master,2,20,59.9,69.0,49.2,61.8,1,2,0,0
7,1,Master,4,9,74.5,41.4,62.6,58.7,0,9,0,0
13,7,Master,3,6,55.5,79.1,59.3,81.8,1,5,0,1
13,4,Bachelor,1,14,54.5,34.7,44.7,75.6,1,9,1,1
11,4,Master,3,6,75.2,51.9,65.0,70.8,0,5,0,1
2,3,Bachelor,5,14,57.5,59.6,68.3,37.5,0,7,0,0
6,4,PhD,0,2,67.0,73.7,54.5,57.7,0,6,0,0
14,5,Master,1,18,59.9,84.8,56.6,81.7,0,2,0,1
11,7,Bachelor,3,9,64.8,73.8,71.6,53.7,1,3,0,1
1,6,Master,5,14,54.9,85.5,30.4,89.1,1,5,0,0
1,5,Bachelor,0,2,55.4,45.1,48.5,71.4,1,4,1,0
6,3,Master,5,5,52.7,81.4,65.4,92.2,0,6,0,1
14,5,High School,2,11,77.6,78.3,53.6,36.7,1,8,0,1
5,6,Bachelor,2,14,67.6,20.0,53.3,54.9,1,8,0,0
2,2,Master,4,5,78.8,56.0,76.4,56.8,1,3,0,1
8,3,Bachelor,1,12,80.4,70.8,51.9,70.1,0,4,0,0
9,2,Master,2,18,58.1,50.7,93.7,43.2,1,1,0,1
14,1,Bachelor,6,2,78.2,40.5,33.9,25.8,1,2,0,1
13,2,Master,5,7,64.8,98.1,26.6,65.6,1,9,1,1
12,1,Master,1,7,62.6,62.0,76.1,50.7,1,2,0,1
5,1,Bachelor,6,22,83.8,62.5,46.3,48.6,0,6,1,0
9,2,Bachelor,2,19,73.3,36.4,46.5,44.1,1,7,1,1
9,3,Bachelor,4,14,59.7,49.0,77.8,60.5,1,6,0,1
5,6,High School,3,3,72.3,43.8,54.0,36.5,1,8,0,1
0,5,Bachelor,4,18,46.0,79.4,76.6,54.1,1,9,0,0
3,5,Master,6,20,68.7,69.1,52.2,41.4,1,8,0,1
9,6,PhD,0,2,42.5,49.7,67.8,45.8,1,5,1,0
5,7,Master,2,12,50.2,70.1,53.8,65.1,0,8,1,0
14,7,Master,6,7,73.8,55.4,47.3,71.0,0,9,0,1
5,1,Master,0,22,24.9,64.2,89.7,51.9,1,8,0,0
10,1,Master,0,15,92.0,64.1,79.9,77.4,1,2,0,1
11,3,Bachelor,5,12,77.5,67.6,50.4,38.5,1,2,0,1
4,4,PhD,1,2,37.4,65.4,59.1,27.6,1,3,1,0
0,2,Master,5,15,100.0,67.6,85.6,31.3,0,7,0,1
7,1,Bachelor,2,8,100.0,82.6,46.2,36.5,1,9,0,1
4,5,Bachelor,0,13,62.3,71.5,47.1,31.7,1,8,1,0
11,3,Bachelor,6,12,51.1,53.9,69.5,98.4,0,9,0,1
11,2,Bachelor,3,20,90.3,58.2,98.3,27.0,1,6,0,1
11,3,Master,0,6,59.8,82.1,62.9,76.7,1,1,0,1
4,2,Bachelor,6,14,67.4,62.0,78.8,57.5,1,4,0,1
6,2,Bachelor,3,6,83.3,53.3,45.7,62.5,1,6,1,1
3,6,PhD,5,5,62.7,48.6,67.8,39.9,0,6,1,0
5,1,Bachelor,5,1,61.4,64.9,56.2,64.5,1,8,0,1
12,3,Bachelor,1,8,45.9,44.6,91.9,39.7,1,1,1,1
3,3,High School,6,21,55.5,83.1,87.6,76.5,1,2,0,0
13,6,Master,0,23,61.1,41.3,98.5,78.1,1,2,1,1
14,5,PhD,4,16,46.4,86.6,50.9,55.3,0,6,1,1
2,5,Bachelor,5,4,47.8,54.9,62.6,56.6,1,7,0,0
6,7,Master,5,11,65.5,40.6,68.0,66.7,0,2,1,1
7,1,Bachelor,1,0,37.3,63.4,51.5,65.6,0,5,0,0
3,1,PhD,3,9,51.8,42.8,64.1,78.5,1,6,0,1
12,4,Master,1,10,94.2,60.6,76.5,77.9,1,4,1,1
1,6,Master,0,15,59.8,49.6,53.2,57.4,0,1,1,0
11,5,High School,6,13,57.9,77.0,50.7,48.5,1,3,1,1
9,2,PhD,2,7,59.8,62.5,49.7,74.2,1,9,1,1
13,3,Master,2,23,60.0,38.6,40.5,54.9,0,6,0,0
2,1,Bachelor,6,16,73.6,49.3,75.7,60.3,1,2,0,0
0,3,Master,3,17,72.6,72.7,50.7,68.6,0,9,1,0
7,3,Bachelor,5,11,59.1,83.2,49.0,77.5,1,4,0,1
14,4,Master,3,16,61.8,59.2,70.5,63.2,1,8,1,1
2,5,Bachelor,5,13,84.7,41.2,61.8,46.3,1,7,0,1
11,1,Master,5,15,42.3,79.0,53.6,93.9,1,3,1,1
9,3,Bachelor,2,13,64.1,72.6,75.0,88.6,0,8,0,1
6,1,High School,3,8,67.0,83.5,53.0,37.6,1,4,1,1
9,2,Bachelor,1,3,53.3,65.2,27.2,39.8,1,2,0,0
4,4,High School,5,22,63.3,50.6,83.3,42.3,1,5,1,0
9,2,Bachelor,4,10,51.3,69.3,48.7,75.0,1,1,0,0
4,1,Bachelor,4,5,74.6,65.9,50.5,94.7,1,8,0,1
13,7,Bachelor,1,14,44.9,49.7,50.6,47.9,1,8,1,0
6,1,Bachelor,4,4,80.9,63.6,63.0,61.4,0,3,1,1
14,5,Bachelor,0,10,63.9,56.5,57.6,42.9,1,1,1,0
8,3,Master,5,17,58.3,73.4,77.8,92.0,1,4,0,1
11,3,High School,1,12,49.9,68.9,88.3,74.5,1,9,0,1
4,2,PhD,3,10,80.5,41.1,51.1,41.5,1,9,0,0
0,4,Master,5,13,55.2,39.3,47.0,20.0,0,1,0,0
9,7,Master,1,17,47.5,58.4,53.6,78.8,1,7,1,0
9,6,Bachelor,2,18,80.8,60.6,69.0,46.6,1,6,0,1
0,3,Master,3,23,51.4,73.7,60.1,74.9,1,7,0,0
14,5,Bachelor,2,14,63.6,69.2,54.0,63.9,1,7,0,1
1,2,High School,5,8,77.3,86.3,41.2,21.3,0,8,0,0
13,2,Bachelor,3,7,67.4,51.6,26.7,41.9,0,8,0,0
5,6,Master,4,19,91.0,50.6,45.9,50.9,1,2,0,0
8,5,High School,1,0,52.5,42.7,82.2,44.5,1,4,0,0
7,4,Bachelor,5,3,61.8,73.5,69.0,60.3,1,4,0,1
12,5,PhD,0,13,63.0,60.4,58.9,66.0,1,8,1,1
4,4,Master,3,1,74.3,26.6,73.7,93.8,0,3,0,1
0,5,Bachelor,3,15,84.3,63.6,41.4,67.4,1,3,0,0
12,5,High School,6,2,66.1,64.8,62.9,87.8,1,2,1,1
6,1,Master,5,7,62.9,57.4,33.4,48.5,1,1,1,1
14,2,Bachelor,5,5,42.8,65.3,67.5,81.3,0,8,1,1
4,5,Bachelor,2,15,66.7,38.0,66.2,50.4,0,9,1,0
5,6,High School,6,23,55.2,89.5,66.5,39.7,1,9,0,1
12,5,PhD,4,15,74.3,66.8,80.7,38.8,0,8,1,1
6,3,Master,2,6,58.9,28.1,74.4,20.0,1,5,0,0
2,2,Master,6,12,61.4,59.9,42.7,75.1,1,1,0,1
11,3,Master,2,12,43.1,67.3,80.9,32.2,1,9,1,1
9,2,Bachelor,4,4,37.8,40.0,58.6,86.2,0,6,0,0
2,3,Bachelor,6,19,92.9,69.6,30.5,54.5,0,7,1,1
4,5,Bachelor,6,21,66.9,90.3,60.3,26.9,1,8,1,1
5,5,Bachelor,0,17,71.1,48.4,72.4,35.6,0,5,0,0
8,1,Bachelor,2,14,51.3,67.7,45.8,61.8,1,6,1,1
12,6,Master,2,17,78.1,63.8,83.3,20.4,0,7,0,1
13,3,Master,3,1,75.4,77.4,47.2,69.8,1,7,0,1
11,4,Master,4,9,53.0,58.0,54.3,27.7,1,2,1,1
4,1,Bachelor,1,22,49.1,40.8,51.4,43.2,0,1,0,0
14,3,Master,0,12,54.0,76.3,34.7,62.0,0,8,1,1
0,3,Master,6,17,64.6,41.9,46.1,67.4,1,5,0,0
13,1,Bachelor,6,14,67.5,92.6,50.6,74.0,1,2,0,1
13,5,Master,6,11,65.6,70.1,59.9,31.9,0,3,1,1
13,3,Bachelor,0,14,84.5,49.2,20.0,51.8,1,6,0,0
3,5,Bachelor,6,12,54.3,80.0,73.5,79.9,0,6,0,1
4,1,Bachelor,6,17,48.7,59.8,73.3,51.8,0,8,0,0
11,5,Bachelor,4,14,65.0,56.0,80.9,63.9,1,5,1,1
9,2,Bachelor,5,22,39.6,47.7,38.1,61.2,1,5,0,0
9,4,Master,5,10,75.4,26.2,57.3,84.0,1,7,1,1
4,7,PhD,3,18,66.5,70.9,77.1,48.7,0,5,0,0
6,3,Master,3,2,59.9,30.7,78.4,30.2,0,9,1,0
3,6,Master,6,6,59.1,45.7,85.7,38.6,1,6,1,1
0,4,Bachelor,4,20,78.6,67.8,63.6,61.8,0,7,0,0
13,7,Master,6,13,78.2,51.0,61.1,26.6,1,8,0,1
13,5,High School,3,13,61.3,62.8,37.1,47.1,0,5,1,0
4,3,Bachelor,0,21,73.9,38.2,79.0,59.5,1,4,1,1
6,5,Bachelor,0,12,78.0,53.7,54.6,42.7,0,8,0,0
9,2,Bachelor,1,11,70.0,62.9,62.5,64.5,0,9,1,1
9,1,High School,5,23,61.9,42.9,61.5,72.5,1,1,1,1
5,3,Bachelor,4,8,70.7,90.4,23.7,67.1,1,3,1,1
4,7,Bachelor,2,0,49.4,48.5,49.0,27.0,0,4,1,0
3,7,PhD,5,18,66.1,84.8,69.3,59.6,1,7,0,1
1,2,Bachelor,2,10,61.5,57.0,61.2,61.1,0,6,1,0
3,2,Bachelor,1,22,59.2,31.8,69.4,50.4,1,1,0,0
14,3,Bachelor,1,21,39.1,39.5,74.5,64.3,1,4,0,0
9,5,Master,6,22,49.6,63.2,48.8,63.5,0,6,0,0
9,6,Bachelor,3,23,57.7,78.6,53.8,56.2,1,3,0,0
2,7,Bachelor,1,21,78.4,91.9,59.7,37.9,1,2,0,0
9,7,Bachelor,1,18,69.3,62.3,74.4,57.5,1,2,0,1
0,2,High School,2,17,79.1,38.8,58.3,95.3,1,4,0,0
7,4,High School,3,11,83.6,65.0,33.5,50.2,0,1,1,0
4,2,Bachelor,1,22,69.9,45.1,58.8,78.9,0,2,0,0
12,6,High School,5,0,67.1,67.1,73.7,58.8,1,2,0,1
3,5,Bachelor,1,18,50.4,43.1,83.7,42.0,0,4,0,0
7,5,Bachelor,3,19,94.8,22.4,66.5,52.1,1,4,0,1
6,4,Master,6,16,43.7,83.7,38.2,57.7,1,1,0,1
1,7,Bachelor,4,4,66.8,55.9,55.5,71.1,0,7,0,0
0,2,Bachelor,3,2,77.5,60.9,69.6,100.0,0,7,1,1
11,5,Bachelor,2,1,77.7,77.9,75.9,59.1,1,1,1,1
10,6,PhD,4,2,47.7,93.8,70.1,33.4,0,8,1,1
3,3,Bachelor,5,7,58.7,73.0,58.0,24.9,1,7,0,0
7,1,High School,0,15,53.0,61.9,75.7,49.6,1,7,0,0
11,1,Master,3,5,35.3,68.3,51.8,35.4,1,6,0,1
1,1,Bachelor,6,12,67.0,54.7,65.0,69.2,1,4,1,1
2,7,Bachelor,2,22,54.2,60.7,74.0,69.3,1,8,0,1
11,2,Bachelor,5,21,87.6,62.6,71.2,55.1,0,2,0,1
0,4,Master,4,21,74.2,45.8,71.6,71.1,1,7,0,0
0,5,Bachelor,5,15,65.6,60.4,71.2,59.3,0,3,0,0
12,3,Master,3,15,57.9,66.6,45.2,95.4,0,3,1,1
2,6,PhD,1,2,66.7,69.3,62.3,70.5,1,7,1,1
10,3,Bachelor,6,12,61.2,67.9,47.5,75.9,0,3,1,1
4,6,Bachelor,3,13,66.0,35.9,57.4,29.0,0,5,0,0
11,7,Bachelor,0,7,93.5,82.1,43.3,34.6,0,8,1,1
2,2,Bachelor,3,11,49.0,80.6,67.5,67.6,0,4,1,0
0,1,Bachelor,4,22,62.5,58.3,30.6,27.0,1,7,1,0
0,2,PhD,4,22,75.6,68.2,71.9,45.5,0,7,0,0
7,7,Master,3,21,59.0,56.1,62.2,81.6,1,2,0,1
9,4,Master,4,20,88.7,73.5,92.4,45.1,1,8,1,1
10,4,Bachelor,1,7,75.2,45.3,58.7,33.8,1,9,0,1
11,7,Master,5,20,54.2,84.2,58.7,71.4,1,6,1,1
12,6,PhD,3,8,68.1,72.6,72.9,99.5,1,5,1,1
12,5,Master,6,0,54.4,73.1,59.7,41.8,0,1,0,1
11,5,High School,1,5,53.1,58.1,66.4,82.5,1,1,0,1
14,6,Master,5,22,62.9,34.6,77.9,39.3,1,9,0,1
13,4,High School,6,18,84.0,75.9,57.7,55.8,1,4,1,1
1,4,Bachelor,6,22,76.2,35.2,81.1,56.6,1,1,1,1
12,4,High School,6,10,64.7,76.1,35.1,42.4,0,3,0,0
2,2,Master,5,10,76.7,46.1,87.7,75.5,1,6,0,1
1,4,Master,1,22,69.0,31.4,33.4,27.2,0,8,0,0
2,3,Bachelor,6,12,47.5,60.0,83.6,61.9,1,2,1,1
6,1,Bachelor,6,10,62.8,81.3,32.1,79.5,1,8,0,1
0,4,Bachelor,2,17,63.9,42.6,93.7,73.8,1,1,0,1
9,6,Bachelor,3,22,76.4,88.8,64.6,67.8,1,2,1,1
7,1,Bachelor,5,14,56.5,71.8,46.9,89.7,1,8,0,1
12,2,Bachelor,5,0,51.3,62.8,91.8,53.6,1,7,0,1
9,6,Master,4,20,64.3,52.2,44.6,27.5,0,5,0,0
9,1,High School,5,6,55.3,53.4,58.4,60.7,1,2,0,1
9,6,High School,1,22,60.1,67.7,100.0,55.5,1,9,0,1
13,2,Bachelor,5,12,63.8,75.2,68.3,20.0,1,5,1,1
1,3,PhD,2,11,59.3,49.3,29.6,35.5,1,8,1,0
2,2,Master,3,17,79.4,45.5,57.6,32.9,1,4,1,0
8,2,Master,3,23,86.2,56.2,56.2,41.7,1,9,1,1
6,6,Bachelor,5,18,77.9,85.1,65.0,51.0,0,7,0,0
3,7,Bachelor,6,14,38.4,38.1,61.3,51.7,1,2,0,0
9,5,High School,0,7,55.4,80.6,70.7,42.4,1,3,0,0
4,4,Master,0,18,62.3,60.8,37.6,32.9,1,2,1,0
1,4,PhD,6,9,37.3,30.3,53.2,65.5,1,5,1,0
12,3,Master,6,6,51.9,51.7,67.0,60.3,0,2,0,1
10,3,Master,6,17,62.1,71.0,49.8,60.9,1,5,0,1
12,4,Master,1,15,58.3,92.4,79.5,93.6,1,9,0,1
7,5,Bachelor,0,19,65.1,36.1,50.1,61.3,1,2,0,0
3,4,PhD,6,5,44.3,20.0,64.3,50.7,1,9,1,1
8,7,High School,1,8,58.1,36.4,60.3,55.9,0,7,0,0
4,5,Bachelor,4,20,67.3,80.3,45.8,60.0,0,7,1,1
12,3,Bachelor,1,12,65.2,27.7,63.0,70.3,1,5,0,0
8,1,High School,0,20,71.7,87.0,41.0,57.1,0,8,1,0
3,6,Bachelor,5,7,70.8,81.9,54.9,20.0,1,7,1,1
9,7,Bachelor,4,15,58.9,63.4,62.5,49.3,0,6,1,1
4,7,Bachelor,0,12,66.8,48.7,39.2,58.0,0,2,0,0
8,3,Bachelor,1,12,53.0,61.0,72.0,84.1,1,6,0,1
7,3,High School,2,16,60.9,71.0,66.2,42.3,1,2,0,0
2,2,Bachelor,3,22,49.2,68.3,70.5,25.3,0,1,0,0
0,7,Bachelor,0,19,81.0,91.3,62.0,59.3,0,9,1,0
2,2,Bachelor,6,4,60.9,55.3,43.6,75.3,0,5,1,0
3,2,Master,1,21,81.0,36.6,62.0,50.1,1,4,0,0
1,6,Master,6,20,69.7,33.4,72.0,100.0,0,8,0,0
0,2,Master,6,16,51.7,29.8,43.0,100.0,1,5,0,0
6,5,Master,6,8,68.8,63.5,44.2,56.6,1,7,1,1
7,4,Bachelor,6,1,77.1,55.8,58.1,61.7,1,3,1,1
6,1,Master,6,17,63.8,60.6,56.1,85.4,0,8,0,0
13,3,Bachelor,4,8,66.1,50.3,61.7,56.2,1,8,0,1
4,5,Bachelor,0,5,56.7,40.0,57.3,41.9,1,3,1,0
11,1,Master,0,10,65.4,71.1,64.6,75.8,0,9,1,1
0,7,Bachelor,3,5,68.6,20.0,81.5,67.3,0,8,0,0
6,7,Master,1,5,56.3,45.6,70.6,41.9,1,1,1,1
12,7,Master,2,12,48.8,74.2,62.9,63.6,0,8,1,1
6,5,Master,4,10,84.3,43.8,44.3,54.8,1,4,0,0
8,5,PhD,1,13,74.1,67.1,50.4,50.3,1,6,0,0
2,3,Bachelor,4,1,56.8,45.6,75.5,42.3,1,9,0,0
8,4,Bachelor,0,7,68.3,51.8,54.5,60.4,1,5,0,1
13,2,Bachelor,6,2,42.8,70.3,46.5,52.7,1,7,0,1
0,7,Bachelor,3,22,35.3,37.0,95.6,63.7,0,1,0,0
0,6,Master,3,20,81.3,73.4,86.4,74.4,0,9,0,0
13,4,Master,5,2,68.4,60.8,60.0,62.6,1,6,0,1
3,6,Master,2,0,64.3,82.6,44.7,63.0,1,4,0,0
8,3,Bachelor,3,23,68.5,63.7,73.6,47.2,1,6,0,0
5,3,Bachelor,6,18,100.0,40.7,54.2,81.5,1,5,1,1
12,3,Bachelor,0,17,78.0,91.1,76.2,41.0,0,3,1,1
10,1,Bachelor,2,16,49.3,42.3,54.2,25.8,0,7,0,0
2,6,Master,1,19,39.8,55.9,88.3,36.6,1,3,0,0
0,4,Bachelor,6,23,80.8,77.2,53.7,78.7,0,2,1,1
3,4,Bachelor,6,12,77.8,26.2,99.8,67.2,1,4,0,1
11,5,High School,3,2,73.6,85.9,65.1,84.2,1,7,1,1
12,5,Master,2,0,52.8,39.3,84.1,31.5,1,5,0,0
8,7,Master,0,3,70.4,51.8,53.4,100.0,1,9,1,1
2,5,Bachelor,5,12,54.1,65.2,41.0,52.3,0,7,0,0
11,3,High School,4,16,74.9,59.2,25.1,22.8,0,9,1,0
8,4,Bachelor,4,10,79.7,74.2,82.4,100.0,1,9,1,1
6,6,Bachelor,0,1,56.8,31.2,63.1,31.8,1,2,1,1
11,3,Master,0,15,82.0,73.1,42.0,50.0,1,1,1,1
13,1,Master,4,1,66.7,74.5,83.1,53.9,1,4,0,1
14,5,Bachelor,5,18,72.4,78.5,80.5,66.9,1,4,0,1
3,3,Bachelor,2,22,45.4,31.4,84.1,42.2,0,2,0,0
2,3,PhD,4,18,68.5,33.6,40.6,78.8,0,3,0,0
9,1,Bachelor,0,15,54.9,53.8,81.9,73.1,1,3,0,0
14,2,Master,3,21,72.1,35.5,68.1,58.4,0,5,1,1
4,4,Bachelor,1,18,87.0,27.5,84.8,84.5,1,1,1,1
4,6,Bachelor,5,8,69.3,53.1,70.7,56.6,1,9,0,0
2,7,High School,6,0,51.5,64.2,64.8,52.5,0,8,0,0
11,2,Bachelor,5,9,74.4,100.0,82.2,98.0,1,8,0,1
8,5,PhD,3,18,71.0,69.9,75.6,63.9,1,3,1,1
3,3,Bachelor,3,0,95.9,91.5,79.3,38.3,1,2,0,1
10,1,High School,6,1,68.8,59.2,54.2,41.0,0,1,1,1
4,1,High School,0,15,56.2,70.1,59.2,58.4,1,6,1,0
3,4,Bachelor,4,11,76.6,57.4,34.3,20.0,1,1,1,0
4,2,Bachelor,2,7,63.1,100.0,53.0,45.3,1,5,0,1
6,7,High School,5,22,66.2,47.7,74.6,56.0,0,9,0,0
8,4,Master,6,17,51.1,50.1,71.0,54.7,1,9,1,1
6,3,Bachelor,5,1,63.2,74.3,46.3,32.9,1,4,1,1
12,4,Bachelor,3,12,65.5,63.7,82.5,49.0,1,7,1,1
4,6,PhD,4,5,63.1,52.4,100.0,81.6,1,7,0,1
9,1,Bachelor,5,20,56.1,77.3,47.6,77.5,1,4,1,1
9,1,PhD,2,5,69.3,59.3,58.7,59.9,1,5,0,0
6,5,Bachelor,3,8,51.1,59.1,52.1,56.6,0,9,1,0
13,5,Master,2,15,47.6,64.2,60.5,54.8,1,7,1,1
14,7,Master,4,10,75.6,28.8,66.4,62.7,0,7,1,1
9,3,Master,5,6,74.3,31.3,50.8,60.1,1,7,1,1
4,6,PhD,1,9,45.4,79.6,57.6,64.5,1,9,0,0
2,2,Bachelor,5,9,37.6,47.8,63.4,68.0,0,5,1,0
6,4,PhD,4,19,49.9,57.6,69.5,33.8,1,6,1,1
12,7,Bachelor,5,17,63.1,89.0,85.5,51.8,1,3,0,1
10,3,Bachelor,6,23,82.3,58.4,61.8,62.0,0,1,1,0
10,5,Bachelor,5,19,62.7,56.2,53.0,38.7,1,2,0,1
1,4,Bachelor,0,8,53.5,76.1,73.1,44.5,1,8,1,0
14,5,Bachelor,5,14,67.2,49.2,68.4,53.6,1,1,0,1
11,4,Bachelor,5,3,63.3,81.7,58.9,54.6,1,7,1,1
8,2,Bachelor,2,7,44.3,75.8,69.8,62.3,1,5,0,1
9,3,Master,1,8,44.4,92.9,55.9,41.0,1,6,0,0
9,4,Master,2,12,44.8,47.6,53.5,77.4,1,8,0,0
11,6,Bachelor,2,8,100.0,84.6,31.6,54.5,1,4,0,1
0,7,Bachelor,3,3,77.9,70.0,56.8,60.9,1,6,1,1
12,1,Bachelor,0,16,56.1,36.1,33.8,50.6,1,3,0,0
5,6,Bachelor,2,15,81.6,20.0,51.8,62.7,1,7,1,1
6,6,High School,6,14,56.5,45.6,71.3,91.4,1,2,1,1
13,7,Bachelor,4,2,81.1,65.3,37.9,50.4,1,8,1,1
12,1,Bachelor,6,19,66.2,67.9,59.0,47.1,1,7,1,1
7,6,PhD,4,4,55.1,58.9,63.0,41.4,1,8,0,1
9,4,Bachelor,5,22,75.2,59.1,58.2,56.8,1,2,0,1
8,4,Bachelor,3,4,67.1,57.7,54.3,56.6,1,3,0,1
1,4,Bachelor,0,19,71.0,78.6,67.2,59.0,0,4,0,0
10,1,Bachelor,6,14,68.2,34.1,69.4,67.4,1,9,1,1
9,6,Bachelor,0,17,68.1,64.8,62.0,64.8,1,5,0,1
1,1,Master,6,14,77.0,45.2,55.2,57.5,1,6,1,1
4,4,Bachelor,5,1,100.0,43.7,75.8,97.1,1,1,0,1
12,7,Bachelor,4,12,83.7,81.2,41.0,71.8,1,4,1,1
4,6,PhD,1,3,68.3,42.3,73.0,36.2,1,4,0,0
5,6,Master,3,9,60.3,57.5,68.7,27.1,1,8,0,1
2,5,Master,6,12,62.0,95.3,65.2,44.1,1,8,1,1
7,5,Bachelor,6,9,46.2,75.1,61.8,61.1,1,6,0,1
12,2,Master,5,8,75.0,51.8,31.8,42.4,1,8,1,1
0,3,Bachelor,3,7,49.8,53.3,84.2,45.4,1,9,0,0
5,5,Bachelor,4,2,59.4,37.9,75.4,58.5,1,5,0,1
3,1,High School,4,15,75.1,83.4,46.6,51.2,0,1,1,1
0,5,Bachelor,6,13,61.4,78.2,74.1,20.0,0,1,0,0
14,2,Bachelor,1,8,57.6,72.4,65.0,79.5,1,2,1,1
6,6,Bachelor,1,20,47.0,74.3,52.7,74.9,1,2,0,0
8,2,PhD,0,10,83.1,46.1,81.1,32.3,1,5,1,1
12,6,PhD,3,2,52.5,32.1,55.1,59.1,1,7,0,0
3,7,Master,3,4,56.2,70.1,83.7,35.7,0,7,0,0
3,7,Bachelor,4,9,38.1,76.0,70.5,45.8,0,4,0,0
5,6,Master,0,12,64.7,88.9,77.3,67.7,1,4,0,0
11,3,Bachelor,5,3,60.0,56.4,71.3,74.2,0,3,0,1
14,5,Master,3,23,67.7,53.8,70.5,73.7,1,2,1,1
2,1,Bachelor,0,12,47.4,55.7,65.4,62.9,1,3,1,0
12,1,Master,0,11,76.0,72.1,50.4,83.5,1,8,0,1
11,4,Bachelor,6,4,37.4,54.9,63.0,45.8,0,1,0,0
5,6,Master,4,9,63.6,59.1,76.7,50.2,0,4,0,0
6,1,PhD,0,23,66.7,75.0,73.5,20.0,1,7,0,0
10,3,Bachelor,1,8,65.9,48.7,70.0,56.1,1,5,0,1
9,6,Bachelor,1,19,67.4,85.0,28.5,69.6,0,2,0,0
9,3,PhD,2,6,76.8,71.4,58.6,63.7,1,1,1,1
2,1,Bachelor,4,1,84.9,26.6,56.9,45.5,0,6,1,0
6,1,Master,6,21,62.7,50.7,44.3,74.9,1,5,0,0
13,4,Bachelor,5,23,50.5,23.6,76.5,56.5,0,3,0,1
2,1,Bachelor,2,22,73.4,56.5,29.6,73.3,1,9,1,0
12,6,Bachelor,1,6,60.8,51.0,75.4,67.7,1,3,0,1
12,7,Bachelor,6,7,84.0,75.0,83.3,86.5,0,2,1,1
1,6,Master,2,6,56.0,44.1,58.6,64.8,1,5,1,0
11,6,Bachelor,4,20,52.1,67.0,60.8,70.2,1,9,0,1
13,4,Bachelor,6,22,67.2,70.2,77.5,56.5,1,8,0,1
9,4,Bachelor,4,13,38.9,64.6,49.8,47.9,0,6,1,0
3,1,Bachelor,0,18,58.0,80.5,72.6,67.8,1,3,1,1
11,2,Master,3,4,60.1,97.2,47.3,88.1,0,6,0,1
7,2,PhD,0,22,68.3,62.0,42.5,45.7,1,5,1,0
12,4,Bachelor,4,17,50.1,67.3,66.7,53.0,1,1,0,1
14,1,Master,6,19,51.8,44.2,61.6,58.5,1,5,0,1
8,2,Master,1,11,82.4,41.6,34.5,71.7,1,7,1,1
6,1,Bachelor,5,22,64.8,78.6,84.6,64.9,1,9,1,1
0,1,PhD,1,16,78.0,76.2,55.4,76.3,1,1,1,0
2,1,Bachelor,6,12,56.9,41.5,70.2,97.5,0,3,1,0
12,5,Bachelor,0,1,64.2,36.5,87.7,45.2,0,8,0,0
11,6,Master,5,12,68.2,48.3,66.0,70.2,1,6,0,1
13,1,Bachelor,6,6,91.2,57.5,82.4,64.4,1,5,0,1
8,5,Master,4,9,61.7,52.6,48.2,58.4,0,2,0,0
14,4,Master,1,22,62.5,62.9,84.7,70.1,1,3,1,1
11,2,High School,4,5,81.5,76.5,48.8,52.7,1,2,0,1
0,6,Master,5,2,59.3,68.3,52.9,64.5,1,1,1,1
8,7,Bachelor,5,2,69.3,69.7,38.7,31.9,0,7,1,1
7,2,Bachelor,1,17,80.2,20.0,66.3,47.2,1,3,0,0
0,6,Master,4,10,56.4,30.9,72.1,79.0,0,7,0,0
5,7,PhD,2,21,70.1,45.7,74.3,78.2,0,7,1,0
4,2,High School,4,19,91.2,48.6,39.1,63.2,1,8,1,1
5,6,Bachelor,5,4,78.8,75.1,68.0,48.9,0,1,1,1
9,2,Master,4,18,69.3,44.2,68.6,74.5,0,5,0,1
11,2,Master,6,21,61.6,72.0,71.8,82.7,0,9,0,1
12,7,Master,0,18,55.9,45.9,49.6,49.8,1,7,0,0
12,2,Bachelor,2,14,50.2,38.4,21.9,28.9,0,1,0,0
12,2,Bachelor,3,15,87.6,39.2,73.3,67.0,0,8,1,1
14,7,Bachelor,6,23,84.7,100.0,59.7,76.3,1,3,1,1
4,4,Master,0,8,55.1,45.5,66.5,69.7,1,4,0,1
5,1,Bachelor,3,3,70.1,72.4,60.5,89.3,1,4,0,1
4,3,Bachelor,1,14,66.7,32.0,65.8,89.4,1,8,0,0
10,5,PhD,3,11,82.8,85.5,73.8,51.9,1,1,1,1
11,3,High School,6,22,70.7,66.3,32.3,62.0,1,8,0,1
4,3,PhD,4,2,64.7,64.9,80.3,48.1,0,9,1,1
3,6,Master,6,22,56.9,67.4,59.1,37.6,1,9,0,0
2,1,Master,3,13,70.1,69.4,88.0,38.7,1,5,1,1
2,6,Bachelor,5,16,59.8,74.6,54.6,72.3,0,4,0,0
3,1,High School,0,18,68.3,49.2,51.1,64.1,1,4,0,0
8,7,Master,0,5,63.9,48.2,59.6,75.8,0,9,1,0
1,7,Master,3,3,59.4,60.9,70.0,100.0,1,8,0,1
14,1,Master,0,6,50.4,72.3,57.6,68.0,1,7,0,1
8,2,Bachelor,5,18,72.7,58.8,71.2,42.2,1,3,0,1
0,4,Master,6,16,65.6,73.9,55.8,78.7,0,4,0,0
13,2,Master,0,15,91.8,71.1,62.6,41.9,0,9,0,1
14,4,Master,3,14,49.5,56.1,97.8,93.0,0,8,1,1
14,6,Master,2,21,74.4,28.6,67.7,20.0,0,1,1,0
0,4,Master,2,7,63.8,50.9,69.0,47.1,1,3,0,0
4,6,Master,1,18,96.5,91.4,38.4,70.4,1,2,0,1
5,7,High School,0,7,73.2,66.1,83.7,81.6,1,2,0,1
5,3,Bachelor,6,17,69.9,48.5,79.1,44.5,1,8,0,1
2,7,High School,3,15,63.8,64.5,50.6,40.8,1,6,0,0
6,7,Bachelor,0,19,54.5,72.2,78.7,61.0,1,6,1,1
8,3,Bachelor,4,18,69.7,48.5,67.3,96.2,0,4,0,1
10,4,High School,5,9,44.3,82.2,62.7,27.2,1,1,0,1
11,4,Bachelor,0,16,45.0,68.9,82.7,51.7,1,7,1,1
9,6,Bachelor,0,12,80.2,40.2,53.8,63.2,1,8,1,1
7,2,Master,2,12,38.6,75.4,50.4,42.1,1,2,1,1
5,6,PhD,5,6,60.2,52.6,65.3,42.0,1,2,1,1
11,2,High School,3,9,49.3,56.8,70.5,53.3,0,1,1,1
7,7,PhD,0,1,59.0,41.7,77.5,63.9,1,4,0,1
11,3,Bachelor,2,3,67.8,71.4,59.6,54.1,0,6,0,1
4,7,Bachelor,1,5,79.8,57.3,48.4,87.3,1,5,0,1
7,1,High School,5,23,83.3,72.1,100.0,69.9,1,4,1,1
9,4,Bachelor,2,17,51.2,50.1,44.6,65.7,1,4,1,0
11,2,Master,2,22,58.0,48.0,62.9,78.6,1,7,0,1
3,6,Master,6,5,100.0,46.6,74.5,66.0,1,7,1,1
9,3,High School,2,22,61.2,67.1,80.4,49.1,0,2,1,1
7,2,High School,6,16,51.8,47.8,52.9,52.7,0,7,1,0
9,6,Bachelor,0,13,54.3,56.3,32.0,35.4,1,2,1,0
11,4,Bachelor,0,23,61.3,50.7,52.6,98.1,0,4,1,0
1,7,Bachelor,1,10,59.1,67.9,75.8,76.6,0,1,0,0
11,4,Bachelor,4,18,61.5,28.8,72.2,20.0,0,5,0,0
11,5,Master,4,1,64.7,64.4,72.7,84.7,1,1,0,1
4,1,PhD,4,2,64.6,91.2,73.4,28.7,0,4,0,1
8,5,Bachelor,6,10,50.7,82.2,83.4,68.4,1,9,0,1
3,3,PhD,5,5,70.5,48.9,49.6,20.0,1,8,1,0
10,2,Bachelor,5,13,66.8,68.9,42.8,49.4,1,6,1,1
5,3,Bachelor,1,18,72.4,65.4,67.9,84.8,0,8,1,1
14,7,Bachelor,5,15,39.3,86.4,45.2,85.9,1,5,0,1
0,6,Master,4,20,67.4,20.0,41.8,64.1,1,7,0,0
8,4,PhD,4,21,35.2,80.0,81.6,73.7,1,8,0,1
0,5,Master,2,23,62.4,55.2,66.0,29.7,1,7,0,0
4,5,Bachelor,5,6,74.9,46.6,62.5,68.8,1,4,0,0
3,7,Master,0,7,80.7,46.1,62.8,75.0,0,5,0,0
12,5,Bachelor,0,18,70.0,36.6,60.3,100.0,1,6,0,1
11,7,Master,2,19,75.1,48.9,81.5,45.5,0,6,1,1
12,3,Bachelor,2,15,60.5,40.6,37.8,58.3,0,9,0,0
12,4,Bachelor,2,21,57.4,63.2,37.1,59.6,1,2,1,0
13,2,Bachelor,0,6,100.0,70.6,47.0,72.0,1,6,0,1
2,6,Master,4,8,77.4,55.4,66.6,75.6,0,3,1,1
12,2,High School,2,12,47.4,87.0,90.9,79.2,1,2,0,1
5,3,Master,1,0,39.0,50.1,75.9,77.8,1,6,0,1
1,6,Bachelor,6,7,58.0,54.4,71.5,28.4,0,4,0,0
2,5,Master,2,23,82.9,51.5,60.7,20.0,1,5,1,0
4,1,Master,6,21,65.7,70.8,40.7,47.7,1,5,0,0
14,3,Master,3,3,31.6,72.6,70.2,57.3,1,3,0,1
8,3,Bachelor,2,2,62.3,68.9,94.4,45.7,0,4,1,1
1,4,Bachelor,0,2,65.0,57.8,58.2,48.8,0,3,0,0
9,2,Bachelor,5,21,28.8,35.9,53.0,51.3,0,7,0,0
7,3,Master,2,12,65.4,54.3,58.2,69.5,0,1,0,0
13,3,Bachelor,5,7,49.8,86.6,71.6,37.3,1,6,1,1
1,5,Bachelor,3,6,37.5,78.2,63.8,56.4,1,4,0,1
10,5,Bachelor,1,0,89.1,65.3,76.6,56.6,1,1,0,1
12,6,Bachelor,5,15,49.1,53.1,61.5,69.1,1,1,0,1
4,7,Master,6,5,55.0,59.8,58.1,81.2,0,5,0,1
6,7,High School,4,6,54.8,53.2,65.7,91.7,1,5,1,1
7,1,Master,2,11,65.0,81.5,53.4,43.1,1,7,0,0
0,7,Bachelor,3,22,91.5,44.9,89.9,20.0,0,4,0,0
5,4,High School,3,8,47.1,76.6,75.2,53.2,0,9,0,0
0,1,Bachelor,5,10,60.4,50.5,44.4,26.2,1,4,0,0
1,6,High School,1,9,66.8,83.8,50.1,100.0,1,7,0,0
14,5,Bachelor,0,20,52.0,67.7,71.0,40.5,1,5,0,1
0,7,Master,2,0,60.2,46.5,64.9,69.3,0,5,0,0
10,2,High School,3,17,73.9,54.4,66.8,76.7,0,6,1,1
4,5,Master,1,3,53.7,72.8,58.9,64.8,1,8,0,0
9,4,High School,4,4,59.9,51.0,69.3,99.5,1,5,0,1
14,5,Bachelor,3,8,58.5,60.4,59.3,54.0,0,3,0,1
8,4,Master,1,16,63.4,50.8,71.0,41.3,1,6,0,0
5,4,Bachelor,0,2,68.6,91.7,74.4,40.3,1,2,1,1
10,4,Bachelor,0,15,73.8,94.8,87.7,73.0,1,8,0,1
10,6,Bachelor,3,4,94.1,86.3,53.8,54.2,0,8,0,1
0,4,Bachelor,6,15,25.1,57.8,61.8,40.3,1,3,1,0
12,4,Master,3,2,62.5,52.8,42.5,66.8,1,8,0,1
0,2,Bachelor,5,19,44.5,46.0,91.2,72.2,1,9,0,0
1,1,Master,2,14,59.2,87.6,30.4,63.4,0,5,0,0
8,3,Master,1,2,78.2,76.8,88.9,76.0,0,5,0,1
2,1,Bachelor,3,19,83.0,77.6,63.5,59.8,1,6,1,0
14,4,PhD,2,13,83.7,55.5,68.7,46.1,1,7,0,1
0,2,Bachelor,5,15,83.5,28.4,59.3,74.2,1,3,0,1
4,5,PhD,2,16,62.4,32.5,62.5,40.2,1,5,0,0
6,2,High School,3,23,86.0,61.0,71.4,35.4,0,1,0,1
5,4,Master,0,19,89.0,50.6,35.8,81.1,1,5,1,0
11,2,Bachelor,1,22,67.1,48.5,51.6,51.0,1,4,0,0
0,7,Bachelor,1,17,82.7,66.2,48.5,91.3,1,1,1,0
4,2,Master,0,17,65.6,78.2,69.2,75.1,0,7,0,0
14,4,Master,6,21,86.2,47.4,62.1,49.5,1,1,1,1
4,6,High School,3,13,62.6,36.5,71.9,67.7,1,8,0,0
5,7,Bachelor,1,17,55.9,47.8,64.6,100.0,1,2,0,1
2,2,Master,3,14,48.2,41.2,78.9,73.1,1,5,1,0
4,3,Master,5,14,62.4,70.7,50.2,69.6,1,6,1,1
6,3,PhD,3,5,66.3,59.9,62.9,46.1,1,9,0,0
4,2,Master,2,14,50.8,93.8,79.7,94.9,1,7,0,1
4,6,PhD,0,17,61.2,73.2,76.5,84.4,1,6,0,1
4,5,Master,6,3,57.1,92.6,38.3,46.3,1,5,1,1
9,4,Bachelor,3,22,48.8,34.7,45.7,95.6,1,6,0,0
9,3,Bachelor,6,7,80.5,20.0,60.7,61.3,0,4,1,1
2,5,Master,6,14,83.2,64.4,58.2,41.2,0,1,1,0
0,2,Master,5,2,80.5,62.2,61.0,46.0,1,9,1,1
4,5,High School,4,14,63.7,57.8,74.7,75.6,1,5,0,1
13,7,Bachelor,0,12,64.7,61.7,66.6,41.3,1,8,0,0
8,1,PhD,6,8,49.1,39.8,67.6,35.9,0,7,1,1
13,3,Bachelor,1,1,71.2,70.1,72.7,49.2,0,8,1,1
0,2,Bachelor,2,23,67.5,73.3,79.2,52.2,0,1,1,0
2,4,Bachelor,1,7,100.0,38.4,20.0,44.5,1,9,0,0
12,6,Bachelor,5,19,81.3,53.6,55.8,48.9,1,1,1,1
12,7,Bachelor,5,16,69.7,54.7,47.9,76.3,1,3,0,1
3,2,Bachelor,1,12,64.4,47.9,69.6,63.1,0,8,0,0
13,4,High School,0,0,80.0,39.1,54.6,47.7,1,1,1,1
0,6,Master,1,1,51.3,60.2,63.2,49.4,1,1,0,0
0,6,Bachelor,3,14,82.1,64.7,75.6,55.4,0,6,1,1
7,2,Master,1,11,48.7,49.0,52.4,56.5,1,5,0,0
1,7,Master,2,13,56.6,40.4,67.8,56.6,0,6,0,0
11,5,Bachelor,2,1,37.4,67.4,86.9,75.6,1,3,0,1
14,5,Master,4,17,74.2,46.2,75.3,61.9,1,6,0,1
7,6,Bachelor,2,21,68.7,54.4,36.6,62.5,1,2,0,0
6,5,Master,1,6,56.6,52.2,57.3,86.5,0,8,1,0
9,1,Bachelor,2,22,51.1,82.4,67.7,95.5,0,6,1,0
9,6,Master,0,5,85.7,47.0,70.8,33.4,1,4,0,1
1,6,Master,6,13,63.0,91.1,58.0,26.4,0,4,0,0
5,4,Bachelor,2,7,53.5,73.5,51.8,51.0,1,7,1,0
5,5,Bachelor,3,21,93.8,92.8,63.1,73.7,1,3,1,1
2,7,Master,0,1,55.1,72.0,44.6,65.5,1,3,1,0
10,6,Master,4,16,82.1,56.0,79.6,79.1,1,6,1,1
1,7,Bachelor,3,4,47.7,43.5,91.9,50.2,1,9,0,0
11,1,Master,1,13,59.7,53.6,68.3,20.0,1,1,0,1
0,4,Bachelor,6,23,72.5,86.8,58.3,30.7,1,5,0,1
5,2,Master,1,19,64.1,59.1,77.1,69.3,0,1,0,0
11,7,Bachelor,6,20,68.7,71.9,74.4,79.2,0,1,1,1
4,6,Master,6,20,56.9,63.7,57.6,20.0,0,3,0,0
13,1,Bachelor,1,21,41.0,64.5,61.2,86.2,1,3,1,1
13,3,Bachelor,3,2,87.0,65.2,52.2,67.3,1,4,1,1
10,1,High School,3,4,57.8,68.9,64.6,56.6,1,3,1,1
8,1,Bachelor,6,15,69.3,45.3,66.8,45.5,1,6,1,1
0,4,Bachelor,3,17,75.5,55.1,49.5,89.8,1,4,0,0
14,2,Bachelor,6,16,69.6,65.6,44.8,75.9,1,8,1,1
14,3,Master,6,10,54.4,62.9,40.8,67.8,0,1,0,1
6,5,High School,0,16,82.4,51.7,68.7,43.4,1,8,0,1
14,5,Bachelor,5,15,72.7,67.5,61.8,90.3,1,1,1,1
4,7,Bachelor,0,22,68.0,46.1,60.7,58.6,1,1,0,0
4,1,High School,1,1,67.6,38.0,69.4,64.0,0,7,1,0
13,4,Bachelor,5,3,90.2,65.3,47.6,59.5,1,1,1,1
1,4,Bachelor,2,20,54.0,38.4,44.9,42.7,1,9,1,0
10,5,Bachelor,1,6,71.2,65.0,65.9,64.4,1,8,0,1
2,7,Bachelor,4,1,57.1,24.8,34.3,71.9,1,1,1,1
6,7,Bachelor,0,5,36.0,47.0,57.9,49.2,1,2,0,0
5,7,Bachelor,3,16,35.6,54.1,100.0,62.7,0,2,1,0
11,3,High School,0,6,49.8,31.1,40.4,59.2,0,2,0,0
1,2,Bachelor,3,4,55.1,53.3,55.1,76.3,1,6,1,0
5,3,PhD,5,4,97.6,81.3,28.0,52.0,0,4,0,1
1,6,Bachelor,4,19,75.5,37.1,58.3,62.5,1,8,0,0
1,6,Master,5,15,76.8,53.8,93.5,66.7,1,1,0,1
1,2,Bachelor,4,18,55.4,90.6,69.5,51.6,1,4,0,1
13,5,Master,0,8,65.9,40.9,52.2,41.5,0,5,1,0
14,2,Master,3,4,99.6,85.2,96.9,44.7,1,9,0,1
10,4,Bachelor,5,7,46.8,55.0,34.1,66.2,0,5,0,0
2,6,PhD,4,8,71.8,61.8,69.3,53.3,1,3,0,1
14,1,Bachelor,6,4,89.2,83.2,63.0,53.0,1,4,0,1
1,1,High School,1,9,79.5,51.3,58.0,70.1,1,7,0,0
3,5,Master,1,1,92.0,71.4,74.9,78.4,0,1,1,1
8,4,Master,5,8,68.2,75.9,43.1,81.8,1,6,0,1
5,3,Bachelor,3,10,74.1,48.3,67.0,45.7,0,8,0,0
0,4,Bachelor,6,3,66.6,46.3,65.0,76.5,1,1,0,1
7,1,High School,5,21,73.0,55.9,48.1,99.7,1,8,0,1
14,1,Bachelor,0,21,51.3,56.4,93.2,60.5,1,7,0,1
11,6,Master,4,21,76.9,40.6,59.1,56.5,1,1,0,1
13,4,Bachelor,0,1,69.4,48.5,59.8,52.4,1,9,1,1
6,4,Bachelor,1,22,65.9,20.0,45.6,36.7,0,3,0,0
9,1,Bachelor,4,5,91.2,54.0,59.4,74.8,1,2,0,1
2,3,High School,5,13,61.0,76.1,99.4,56.6,0,7,0,0
0,5,Bachelor,0,0,83.1,30.0,58.0,55.0,0,3,1,0
4,7,Master,2,17,84.6,51.7,70.3,71.7,0,1,1,1
12,5,PhD,3,6,77.8,100.0,77.2,73.6,0,3,0,1
3,4,Master,6,0,50.5,59.6,59.1,46.0,1,6,1,1
9,5,High School,6,0,70.4,84.4,55.4,46.5,1,3,0,1
7,1,Master,3,0,94.4,41.8,69.6,45.6,0,5,0,1
0,1,Master,2,23,37.7,68.1,58.1,100.0,0,9,0,0
9,4,Master,1,3,62.2,38.7,56.7,87.5,1,7,0,0
0,4,Bachelor,4,3,82.4,67.2,77.0,72.1,1,2,0,1
11,7,Bachelor,3,17,63.3,75.2,60.9,50.5,1,1,0,1
3,7,Bachelor,2,10,77.1,70.9,81.4,52.9,1,7,0,1
7,6,High School,5,0,86.1,53.8,60.5,65.3,1,4,0,1
4,4,Bachelor,6,9,68.5,64.9,40.9,100.0,1,7,0,1
1,3,Bachelor,2,8,72.6,65.1,20.0,63.8,1,6,0,0
5,5,Bachelor,1,22,66.4,72.0,32.6,68.2,0,7,1,0
4,4,Master,1,3,69.5,57.8,35.3,20.0,1,4,0,0
1,2,Bachelor,0,5,96.5,76.8,66.3,63.2,0,3,1,1
12,6,High School,3,15,64.0,85.8,46.5,30.1,1,5,1,1
13,2,PhD,0,1,59.7,54.3,30.4,48.3,1,3,0,1
10,1,PhD,6,22,80.6,60.8,59.9,58.9,1,3,0,1
10,7,Master,2,17,52.4,43.7,44.7,52.0,0,4,0,0
10,5,PhD,4,9,55.8,66.1,69.4,45.3,1,8,0,1
2,4,Bachelor,4,23,55.9,66.2,69.0,45.5,0,2,0,0
14,2,PhD,1,23,61.2,61.0,70.7,53.8,0,4,0,1
8,5,High School,4,16,61.8,62.4,21.1,52.9,1,3,0,0
6,1,Bachelor,4,12,75.5,94.6,62.7,58.4,0,7,1,1
6,7,Bachelor,6,23,59.9,20.0,60.1,56.9,1,2,0,1
14,3,Bachelor,4,17,76.1,51.1,42.5,83.6,1,1,1,1
10,6,Bachelor,2,21,78.0,53.8,27.8,20.0,1,1,0,0
5,5,Master,4,12,55.2,86.2,60.3,62.9,1,6,1,1
7,5,Master,5,16,77.6,68.6,79.0,59.4,1,3,0,1
3,3,Bachelor,4,4,79.0,69.0,20.7,55.3,1,7,0,0
7,5,Bachelor,4,10,38.6,82.7,48.7,43.9,1,8,1,1
3,1,Master,0,6,69.4,56.8,64.1,55.0,1,5,1,0
7,1,Master,2,9,57.4,71.7,80.0,25.3,1,5,0,1
8,3,Bachelor,1,16,84.5,50.4,57.0,62.1,1,2,0,1
2,6,Master,0,14,57.3,41.0,92.9,65.8,0,8,1,0
2,4,Bachelor,3,17,44.9,92.3,33.3,43.9,1,1,1,0
10,2,Bachelor,2,22,64.6,66.6,29.7,96.8,1,9,0,0
12,4,PhD,5,21,51.5,71.6,78.3,55.6,0,1,0,1
1,5,Bachelor,2,18,77.7,40.6,24.4,58.9,1,1,1,0
12,2,Bachelor,3,1,52.9,69.2,69.4,84.7,1,1,0,1
9,3,Master,3,3,64.7,92.0,57.3,100.0,1,7,1,1
2,3,Master,3,2,88.2,55.0,47.6,35.5,1,4,0,0
2,6,High School,6,6,81.5,37.4,55.2,46.5,0,7,1,1
4,2,Bachelor,1,23,72.2,63.3,41.4,55.9,1,5,1,0
4,1,High School,4,17,63.1,41.4,56.9,43.1,1,7,1,0
1,2,Master,2,9,70.7,32.0,62.3,74.9,1,7,0,1
11,5,Bachelor,6,6,75.3,46.8,55.3,40.9,1,4,0,1
9,1,Bachelor,4,7,50.2,51.1,52.6,83.3,0,2,0,1
12,7,PhD,4,5,77.8,42.2,66.1,70.5,1,8,1,1
5,7,Bachelor,5,21,48.5,83.9,88.6,81.3,0,2,1,0
4,7,Bachelor,3,0,73.6,94.0,57.7,41.0,0,9,0,0
5,3,Bachelor,1,3,48.4,71.1,75.1,50.3,0,5,1,1
0,2,Master,5,13,94.4,66.9,46.5,76.0,0,9,1,1
4,7,High School,0,16,76.5,57.4,40.7,72.3,0,9,0,0
8,4,Bachelor,6,19,41.7,43.9,69.3,52.3,1,8,0,0
11,6,Master,6,17,65.0,88.9,58.3,55.1,1,8,1,1
9,4,Bachelor,1,10,57.2,58.9,80.1,49.3,0,4,0,0
13,7,Bachelor,4,20,55.4,51.7,83.2,54.6,0,4,1,1
1,6,Bachelor,6,13,67.2,78.3,75.4,38.7,1,2,0,1
0,5,High School,1,8,51.1,58.7,75.1,35.3,1,4,1,0
13,4,Bachelor,6,14,76.4,77.6,20.0,78.1,0,4,0,1
9,2,Bachelor,6,11,75.6,52.6,69.1,53.9,1,6,0,1
12,2,Bachelor,3,9,70.3,78.3,75.8,81.0,1,3,0,1
10,4,High School,0,18,64.7,77.6,41.7,69.9,0,2,0,0
8,7,Master,3,23,74.9,83.8,62.1,64.2,1,8,0,1
9,2,PhD,0,18,76.9,47.2,45.3,43.8,1,2,0,0
8,5,Master,6,5,71.8,58.5,78.4,33.8,0,8,1,1
14,1,Master,5,19,45.3,95.1,46.7,48.9,1,7,1,1
8,7,Bachelor,4,23,53.2,55.6,49.3,88.6,1,3,0,1
5,5,PhD,6,5,61.0,74.6,54.6,75.8,0,6,1,1
14,6,Bachelor,0,7,42.9,100.0,98.0,47.0,0,6,0,0
7,5,PhD,0,0,68.4,26.7,78.1,49.1,0,5,1,0
13,7,PhD,0,21,86.2,55.0,87.8,39.4,1,8,1,1
10,6,Master,6,16,83.8,60.0,33.0,27.1,0,5,0,0
14,7,PhD,1,16,76.1,27.6,41.7,60.0,1,7,1,1
12,2,Bachelor,5,23,75.9,51.8,83.4,92.5,0,6,1,1
0,1,Bachelor,1,14,98.2,42.5,33.8,92.8,1,7,0,0
9,7,Bachelor,4,6,77.7,75.4,51.3,70.2,1,9,1,1
3,7,Bachelor,6,18,78.9,28.8,94.9,45.9,1,3,1,1
0,2,High School,0,21,43.4,94.0,46.6,29.0,1,7,0,0
7,3,Master,5,22,85.0,72.4,32.9,78.9,1,3,1,1
0,2,PhD,5,2,71.0,41.0,62.8,66.9,1,2,1,1
2,6,Bachelor,2,21,63.8,78.5,33.5,51.7,1,7,0,0
12,2,Master,4,10,60.1,70.7,81.8,48.3,1,4,0,1
3,2,PhD,5,19,56.8,59.3,47.7,70.0,1,1,0,0
14,1,PhD,6,18,83.9,47.0,44.5,41.5,0,6,1,1
14,2,PhD,0,8,64.6,69.9,62.5,62.8,0,6,1,1
14,7,Bachelor,0,9,57.3,62.2,55.5,33.6,1,6,0,1
7,1,PhD,5,1,53.4,47.6,66.0,100.0,1,2,1,1
5,4,Master,1,0,67.6,35.8,70.3,44.3,1,1,1,1
13,3,Bachelor,4,15,59.6,44.7,58.5,71.0,0,3,1,0
9,1,Bachelor,0,17,56.2,50.9,43.4,34.0,0,2,0,0
11,6,Master,5,22,44.3,80.9,73.7,54.7,1,6,0,1
6,4,Bachelor,0,16,79.4,75.5,50.9,75.7,0,6,1,0
13,1,Master,5,5,62.9,51.9,48.1,80.0,0,5,0,1
7,1,Master,4,13,48.7,52.6,64.3,73.3,1,5,1,1
1,3,Bachelor,5,22,60.9,77.8,31.1,55.2,1,9,1,0
12,7,Bachelor,2,14,73.2,64.8,68.3,44.7,1,5,0,1
9,6,Master,5,13,65.4,64.6,65.1,36.4,1,6,1,1
13,5,Bachelor,5,23,67.9,47.3,79.9,88.1,0,4,0,1
10,5,High School,6,21,65.6,57.8,54.0,60.1,1,1,0,1
7,1,High School,4,2,45.8,60.1,83.2,63.8,0,4,0,1
2,2,Bachelor,6,23,79.2,58.4,70.5,81.3,1,2,0,1
6,6,PhD,5,22,39.4,73.2,61.6,69.7,1,3,0,0
2,4,Bachelor,4,18,71.9,73.8,91.1,55.5,0,7,1,1
14,2,Master,2,11,74.2,43.5,63.5,72.9,1,7,1,1
6,2,Bachelor,4,1,61.7,51.0,53.7,45.5,1,1,0,1
13,6,Bachelor,0,2,70.3,47.6,64.0,27.0,1,8,1,1
10,7,Master,6,17,60.8,85.0,53.4,86.2,1,7,0,1
14,1,Master,4,0,70.5,100.0,68.0,47.2,0,1,0,1
11,1,High School,2,19,79.9,51.7,83.1,51.9,0,8,1,1
12,1,Bachelor,3,20,53.1,57.0,61.9,53.7,0,2,1,0
1,1,High School,5,5,75.1,75.2,63.4,46.0,0,8,1,1
9,5,Bachelor,4,4,90.4,47.3,74.8,80.0,0,3,0,1
5,1,Master,5,0,69.0,75.6,81.0,65.5,1,7,1,1
2,5,Bachelor,1,18,57.5,59.6,54.8,51.9,0,6,1,0
2,5,Bachelor,0,0,98.9,28.6,64.8,32.5,1,5,1,0
14,7,Bachelor,6,20,66.3,36.6,74.8,64.1,0,2,0,1
8,1,PhD,0,20,68.5,53.9,67.3,20.0,0,2,0,0
6,3,PhD,1,15,68.8,82.0,32.2,62.7,0,1,1,0
4,4,High School,1,11,71.7,43.9,77.7,84.9,1,9,1,1
11,2,Master,6,21,59.9,50.4,70.4,59.3,1,8,0,1
9,5,Bachelor,4,7,67.8,63.8,71.5,82.1,1,8,0,1
6,6,Bachelor,1,15,79.3,30.0,42.9,33.4,1,1,0,0
8,6,Master,3,0,59.4,65.4,64.4,98.8,1,5,0,1
0,4,PhD,5,3,58.7,32.2,75.5,79.9,1,6,0,1
6,6,PhD,5,9,60.6,70.2,47.9,67.5,0,2,0,0
5,3,Bachelor,2,10,48.5,45.4,52.1,46.0,1,5,0,0
9,6,Bachelor,1,16,54.8,43.0,75.8,42.7,1,6,0,0
13,2,Master,1,22,54.1,64.9,51.3,56.6,1,9,0,1
11,2,Bachelor,3,6,65.0,74.3,58.7,82.1,0,1,0,1
8,5,Bachelor,0,11,77.5,66.8,45.4,31.7,1,3,0,0
0,1,Bachelor,0,20,86.8,63.7,91.1,58.2,0,9,1,0
12,7,Master,5,6,65.9,64.0,70.3,72.7,0,1,0,1
3,3,Bachelor,5,11,71.8,66.9,57.9,76.6,1,1,1,1
8,5,Bachelor,4,14,68.7,68.1,54.9,72.6,1,1,0,1
3,3,PhD,6,1,33.6,52.9,42.3,29.6,1,7,1,0
9,1,Bachelor,3,13,47.8,71.8,60.2,80.6,1,5,0,0
2,6,Bachelor,6,12,76.4,45.6,72.6,59.3,0,6,0,1
8,6,Bachelor,6,3,77.9,79.6,49.0,36.3,0,8,0,1
12,7,High School,2,13,77.5,74.1,63.7,57.5,1,2,1,1
1,1,High School,6,13,62.3,99.3,56.1,20.0,1,2,0,1
14,5,Bachelor,2,15,35.1,69.2,84.1,69.6,1,3,0,0
3,7,Master,6,6,49.6,76.4,51.8,55.4,0,3,0,1
14,1,Bachelor,3,18,51.9,31.9,74.4,32.6,1,3,1,1
5,4,PhD,2,1,74.4,77.0,84.3,52.2,1,4,0,1
1,2,Bachelor,0,9,59.6,81.2,56.0,43.9,0,3,0,0
14,7,Bachelor,2,17,90.4,87.1,52.6,45.1,1,2,0,1
7,7,Bachelor,2,16,87.0,62.2,76.8,20.0,1,9,0,1
7,5,Bachelor,3,4,90.1,53.8,33.5,24.6,1,6,1,1
0,3,Master,3,11,51.3,40.4,68.9,53.4,1,3,0,0
11,4,Bachelor,2,5,72.4,42.0,36.8,50.0,0,9,0,0
2,5,Bachelor,1,21,57.8,59.5,81.6,77.5,1,4,1,0
9,1,Master,3,8,69.9,28.5,58.0,45.4,0,4,1,0
8,1,PhD,4,19,52.9,46.2,60.5,47.5,0,8,0,0
4,1,Master,4,0,83.4,61.6,50.4,48.4,1,7,1,1
5,1,Bachelor,0,21,53.2,61.2,36.7,54.1,1,7,0,0
3,3,Master,6,14,35.8,42.6,82.3,59.8,1,7,0,0
9,4,Bachelor,2,20,95.5,37.8,59.3,49.9,1,5,1,1
1,6,Bachelor,1,5,71.6,40.5,100.0,69.4,1,7,1,1
10,2,Bachelor,0,18,49.0,56.0,49.0,100.0,0,4,0,0
7,3,Bachelor,2,17,62.6,98.3,51.7,41.5,0,8,0,0
10,3,Bachelor,3,5,56.3,79.1,47.6,65.8,1,9,0,0
12,6,Bachelor,4,12,65.1,63.9,59.2,58.6,0,3,0,1
5,6,Master,5,0,77.0,70.0,87.2,78.9,0,7,0,1
4,2,Bachelor,1,22,74.7,78.3,78.2,62.1,1,9,0,0
8,2,High School,5,22,68.8,72.2,37.9,43.5,0,1,1,0
0,6,High School,4,12,65.1,54.5,81.3,34.7,1,2,1,1
4,1,PhD,6,6,81.2,44.8,72.9,70.2,1,7,0,1
5,3,Bachelor,6,14,36.1,57.7,69.7,36.3,1,2,0,0
4,5,Bachelor,5,11,53.8,78.1,51.1,81.7,1,7,0,1
5,2,Master,3,0,50.3,55.1,52.2,69.1,1,1,0,0
5,2,Master,2,14,80.1,40.1,64.2,59.7,0,3,0,0
6,6,Bachelor,3,3,53.9,29.0,53.1,31.8,0,5,1,0
3,4,Master,5,12,45.7,57.8,83.0,71.5,1,6,0,1
13,5,Master,3,22,73.2,41.5,52.5,90.3,0,9,1,0
10,5,Master,4,4,51.4,52.1,30.9,49.5,0,9,1,0
13,2,Bachelor,1,1,59.7,86.2,41.2,43.2,1,3,0,1
13,1,Master,3,22,100.0,59.0,42.2,56.2,1,8,0,1
13,4,Bachelor,4,0,76.8,46.5,57.8,67.3,1,4,1,1
14,5,Bachelor,1,15,61.8,65.6,65.5,47.4,0,7,1,1
7,2,Bachelor,6,22,63.2,94.6,62.9,76.0,1,6,1,1
6,5,High School,2,5,78.6,57.8,69.4,96.2,1,8,0,1
8,7,Bachelor,5,22,74.9,20.0,58.0,64.6,0,6,0,0
6,4,Master,6,15,66.1,71.7,58.5,51.5,0,4,0,1
2,4,High School,2,13,66.6,66.2,90.0,66.8,1,2,1,0
2,7,Bachelor,6,2,42.8,61.6,81.3,81.5,1,7,1,1
14,3,Bachelor,0,14,39.6,56.1,68.5,61.2,1,4,1,1
7,7,High School,6,2,62.3,45.5,76.7,67.7,0,9,0,1
4,6,PhD,4,22,55.5,87.3,31.2,72.1,1,9,1,0
3,6,Bachelor,1,1,73.8,26.9,48.8,40.5,1,7,0,0
7,2,Bachelor,6,0,68.0,54.4,55.1,67.2,0,5,0,1
14,4,Bachelor,3,8,53.4,54.0,49.0,31.2,0,3,0,0
5,3,Bachelor,2,8,67.4,75.4,37.3,44.8,0,3,1,0
1,3,High School,6,22,58.7,82.2,68.7,80.9,1,9,1,1
3,5,Master,1,6,96.0,55.9,84.2,75.4,1,9,0,1
11,5,PhD,4,2,70.8,63.5,61.8,52.6,1,4,1,1
10,7,Bachelor,0,17,41.6,65.0,72.4,92.1,1,1,0,0
3,3,Master,2,10,92.3,79.0,61.3,31.8,1,5,0,1
14,7,Master,5,6,55.5,78.6,54.9,53.9,1,8,0,1
5,7,Master,1,8,50.4,50.3,76.7,63.5,0,4,0,0
5,5,Bachelor,5,0,97.2,67.9,39.1,20.0,0,4,0,1
0,4,Bachelor,1,13,70.2,66.9,32.2,54.8,1,9,0,0
13,7,Bachelor,1,19,75.5,57.9,38.9,35.5,0,9,1,0
7,1,Master,4,5,76.0,66.7,75.7,36.0,1,7,0,1
5,4,Master,4,6,61.9,60.4,63.4,52.6,0,8,1,0
2,3,Bachelor,4,9,56.4,62.8,68.0,21.5,0,4,0,0
13,3,Bachelor,6,6,58.9,35.6,88.8,41.8,1,8,1,1
8,7,PhD,3,1,89.1,43.5,43.4,22.0,1,6,1,1
1,4,Master,1,3,68.1,74.7,81.3,60.5,1,3,1,1
14,5,PhD,2,20,84.7,38.2,55.7,60.1,1,7,0,1
10,5,Master,5,16,63.9,68.5,53.2,51.0,0,3,1,1
7,6,Bachelor,4,0,53.7,58.5,63.3,77.9,0,7,0,0
9,3,Bachelor,6,9,43.4,78.6,65.8,52.1,1,5,1,1
2,2,Master,4,18,74.7,71.7,58.6,57.5,0,4,0,0
12,6,High School,5,14,90.4,51.8,71.8,39.9,0,3,0,1
11,5,Bachelor,5,9,51.7,56.0,63.4,20.0,1,8,0,1
4,4,Master,1,18,72.7,24.3,58.8,55.1,0,4,1,0
5,5,Bachelor,4,11,44.4,57.7,55.3,52.5,1,8,0,0
9,4,Master,5,23,56.7,37.1,65.8,92.2,1,3,1,1
5,6,Bachelor,3,15,69.0,56.1,40.3,71.3,1,9,1,0
3,3,PhD,3,8,39.1,48.5,44.8,49.7,1,6,1,1
2,5,High School,4,14,64.7,44.2,56.1,60.8,0,5,0,0
3,7,Bachelor,6,16,52.4,81.4,70.7,76.1,1,5,1,1
0,4,Master,5,13,74.1,37.0,96.3,68.3,0,3,0,0
3,3,Bachelor,1,17,62.5,42.7,59.5,91.4,0,2,0,0
0,2,Master,1,1,79.1,47.4,33.6,42.2,1,6,1,1
11,4,Master,6,3,60.8,51.3,49.4,77.5,0,1,1,1
14,6,Bachelor,1,17,44.6,44.2,72.5,49.5,1,7,1,0
0,2,Bachelor,0,6,42.7,53.5,46.5,61.9,1,5,0,0
9,2,Bachelor,4,12,36.4,65.4,41.1,46.8,1,4,0,0
13,1,Bachelor,1,14,74.5,72.1,72.5,55.2,1,9,0,1
5,5,PhD,3,22,100.0,71.2,69.4,62.2,0,1,0,0
4,4,Master,5,21,71.5,25.7,38.4,69.9,1,4,0,0
13,2,Master,2,0,90.1,66.8,47.7,59.2,0,3,0,1
10,1,Master,6,10,82.0,68.0,81.9,20.0,1,6,1,1
14,6,Bachelor,2,9,57.2,48.1,75.6,56.5,0,5,1,1
3,3,PhD,1,4,84.0,90.0,42.8,87.4,0,7,1,1
12,7,Master,2,15,57.8,79.6,30.2,56.3,1,1,1,0
10,7,Master,2,10,58.1,56.7,66.3,88.0,1,5,0,1
2,4,Master,0,20,61.9,49.3,57.3,55.6,1,2,0,0
0,2,Bachelor,3,5,62.6,89.7,64.9,26.6,1,2,1,1
5,7,Master,6,8,74.9,59.7,72.2,49.3,1,2,0,1
1,5,Bachelor,3,12,54.9,61.5,46.7,46.8,1,9,0,0
7,7,Bachelor,0,23,78.3,61.3,55.1,53.4,1,3,0,0
9,7,Bachelor,0,7,78.1,100.0,47.6,34.3,0,4,0,1
4,7,PhD,2,13,70.1,56.1,48.2,57.8,1,5,1,1
6,1,Master,4,23,94.1,59.6,71.0,51.4,1,4,1,1
9,2,Master,5,0,84.3,45.0,64.3,83.8,0,4,1,1
11,5,Master,5,16,81.0,53.0,37.0,33.8,0,5,0,0
1,2,Bachelor,2,23,66.0,41.4,73.6,62.9,0,9,0,0
12,4,PhD,5,4,70.3,45.4,56.4,66.2,1,9,1,1
7,4,Bachelor,0,1,72.9,27.4,74.3,73.5,1,6,0,0
1,4,Bachelor,3,23,65.2,75.9,45.8,50.7,0,3,0,0
3,6,Bachelor,5,8,59.4,62.8,47.2,62.4,1,6,1,0
0,7,Master,6,3,28.9,64.3,66.0,65.1,1,4,1,0
14,6,Master,2,16,75.8,59.1,44.5,25.0,0,3,1,1
4,1,Bachelor,4,16,80.6,61.3,57.6,51.4,0,6,0,0
8,4,High School,2,20,47.6,89.1,42.6,57.3,0,6,0,0
0,5,Master,1,17,74.1,46.2,55.7,59.7,1,2,1,0
8,2,High School,2,15,56.1,65.0,61.5,59.4,1,9,0,0
10,7,Master,0,7,59.5,64.9,62.2,66.8,1,8,1,1
14,3,PhD,3,10,84.7,80.6,56.2,96.8,1,6,0,1
7,5,Bachelor,3,20,50.1,67.9,67.3,46.1,1,1,1,1
5,7,Bachelor,6,20,50.1,68.8,64.4,65.6,0,2,1,1
6,6,Master,5,17,92.1,37.4,60.6,84.0,1,4,0,1
2,6,Master,0,22,62.8,45.4,52.0,22.0,0,7,0,0
13,5,Bachelor,1,23,83.7,39.0,79.1,63.4,1,9,1,1
14,6,PhD,0,9,41.0,20.0,68.2,24.4,0,5,1,0
0,4,High School,2,12,42.2,67.1,45.4,100.0,1,2,0,0
4,1,Bachelor,0,16,51.3,55.3,72.4,68.4,0,1,1,0
13,2,Master,0,17,57.8,67.2,76.0,65.7,1,1,0,1
11,1,Master,6,9,44.0,60.6,60.7,20.5,0,5,0,0
11,7,Bachelor,1,15,70.5,64.3,61.8,47.9,1,7,0,0
1,2,Master,2,19,71.5,84.1,29.1,48.0,0,9,1,0
13,2,Bachelor,4,4,51.5,60.1,48.5,93.3,1,9,0,1
4,1,Bachelor,6,12,52.7,72.0,75.5,72.6,1,8,0,0
7,5,Bachelor,4,17,54.7,54.6,49.5,24.9,0,1,1,0
10,2,Master,6,16,47.5,74.8,59.4,67.4,1,5,0,1
8,1,Bachelor,3,8,21.6,37.7,48.3,27.9,1,6,0,0
1,2,Bachelor,6,13,63.7,26.9,65.7,25.4,1,6,0,0
11,3,Bachelor,5,16,58.5,97.9,68.3,67.1,1,4,1,1
2,5,Master,0,3,60.1,93.1,68.7,72.9,0,1,0,0
2,4,Master,3,17,49.8,25.0,43.8,67.2,1,3,1,0
0,2,Master,1,19,77.2,59.3,63.7,95.6,0,4,1,0
7,3,Bachelor,4,23,100.0,62.7,87.2,65.4,0,4,1,1
5,4,Master,6,23,52.5,73.0,74.0,61.4,1,4,1,1
11,4,Bachelor,0,14,86.0,91.3,63.5,33.7,1,5,0,1
12,7,Master,1,10,70.5,40.9,31.1,75.2,0,9,0,0
7,2,PhD,5,11,65.5,41.9,58.0,25.0,0,4,1,1
10,1,High School,1,8,59.8,60.0,88.3,98.4,1,9,1,1
8,2,Master,0,12,63.8,42.7,83.1,75.4,0,9,0,0
4,3,High School,5,14,82.2,20.0,69.4,100.0,1,1,0,1
13,4,Bachelor,1,14,47.9,55.9,50.5,65.8,1,5,0,1
11,2,Bachelor,5,4,60.9,75.4,62.8,76.4,0,9,0,1
13,1,Bachelor,6,22,83.7,59.6,74.4,52.5,1,4,0,1
2,7,Bachelor,6,18,79.8,71.2,77.0,57.1,1,5,0,0
4,2,Master,0,19,48.2,68.7,67.0,37.0,1,4,0,0
4,5,Bachelor,0,13,62.3,41.5,75.7,29.0,1,2,0,0
4,7,Master,5,16,75.9,61.2,61.1,61.8,1,2,0,1
2,1,Bachelor,2,17,75.0,32.5,60.4,57.0,1,2,1,0
10,3,High School,3,20,79.6,50.8,54.7,36.5,1,1,1,1
13,4,Master,1,2,70.8,60.9,68.8,40.0,0,3,1,1
9,2,Bachelor,1,1,73.3,60.0,78.0,58.6,1,1,0,1
13,1,Bachelor,2,0,70.1,36.8,73.3,36.1,1,4,0,1
3,7,Master,2,9,88.7,40.4,42.5,65.1,1,1,1,1
8,5,Bachelor,2,18,58.7,65.2,43.4,36.8,0,4,1,1
12,1,High School,4,16,65.7,74.9,79.7,63.1,1,3,0,1
9,6,Bachelor,4,11,49.8,56.3,64.8,35.0,0,9,0,0
8,5,PhD,5,0,46.8,55.4,65.5,35.1,1,1,0,1
1,7,Master,4,11,69.9,76.8,65.1,20.0,1,8,0,1
7,3,Master,6,16,54.1,46.1,90.0,54.8,1,9,0,0
7,4,Master,6,23,64.1,91.1,54.9,87.1,1,7,1,1
6,7,Bachelor,0,2,89.3,35.8,79.9,85.9,1,1,0,1
7,3,Bachelor,5,10,88.4,78.9,65.7,64.5,0,4,1,1
13,2,Master,1,16,98.4,69.7,36.4,20.0,1,1,1,1
2,1,Bachelor,3,22,89.6,100.0,48.8,74.9,0,4,1,0
12,6,Bachelor,0,2,100.0,39.8,52.3,62.5,1,3,1,1
5,5,Bachelor,1,7,71.5,20.0,79.5,49.9,0,2,1,0
0,5,Bachelor,1,19,51.5,82.5,81.6,82.1,1,1,0,0
6,1,PhD,5,3,50.0,33.5,67.7,70.3,1,6,1,1
14,6,High School,2,20,85.9,71.1,53.6,97.2,1,7,1,1
14,1,Bachelor,2,21,65.8,81.3,47.4,29.9,1,6,0,1
0,2,Bachelor,0,6,66.9,66.8,80.2,31.5,1,9,1,1
8,3,PhD,2,13,56.8,64.2,41.4,34.8,0,9,1,0
0,7,Bachelor,1,13,58.6,67.2,60.3,52.3,1,2,1,0
0,5,Bachelor,2,3,70.8,75.1,99.8,89.8,1,2,0,1
14,2,Master,4,15,49.2,70.6,53.7,45.5,0,9,0,1
6,3,Master,2,23,68.9,38.1,41.7,46.0,0,1,0,0
1,2,Bachelor,1,21,87.7,92.8,33.8,66.3,0,5,0,0
13,6,Bachelor,5,0,33.0,60.9,100.0,74.9,0,1,0,1
4,5,Bachelor,0,16,41.9,69.3,67.6,20.0,1,7,0,0
7,7,Bachelor,3,9,75.1,72.8,48.1,78.8,0,9,1,1
7,1,Bachelor,2,21,85.5,80.8,59.0,44.9,1,6,0,1
2,1,Bachelor,6,15,57.7,78.9,51.4,56.0,0,2,0,0
6,3,Bachelor,6,15,35.0,62.4,32.2,86.4,0,6,0,0
2,7,Bachelor,1,7,86.5,61.2,74.6,53.7,1,9,0,1
5,4,Master,3,6,52.8,67.4,62.5,27.4,1,3,0,0
5,6,PhD,3,5,59.6,79.8,73.3,28.5,0,9,0,0
2,3,Master,4,15,69.8,40.0,62.1,57.4,1,8,0,0
6,4,High School,3,19,55.0,71.6,64.1,51.3,0,7,0,0
2,2,High School,6,15,51.9,44.0,26.2,59.2,0,8,0,0
7,6,PhD,5,6,52.1,93.3,76.5,50.0,0,6,0,1
9,2,Bachelor,1,8,92.9,66.6,44.6,82.8,1,3,0,0
3,7,High School,1,13,82.4,52.5,48.7,58.5,1,7,0,0
14,5,Bachelor,2,10,73.6,67.7,53.6,22.7,1,4,0,1
14,6,Master,2,13,32.2,60.2,29.1,74.3,1,5,1,0
12,4,Master,2,6,73.7,57.1,52.7,96.1,1,8,1,1
0,5,Bachelor,6,0,72.9,27.4,51.6,61.1,1,7,0,1
3,1,High School,6,12,45.8,41.6,56.0,62.7,1,7,0,0
13,4,PhD,6,19,68.9,57.5,34.8,42.4,0,8,1,0
6,3,Bachelor,6,2,80.8,29.6,76.8,53.2,0,3,0,1
10,1,Master,6,19,73.5,49.4,68.4,68.1,1,3,1,1
3,1,Master,6,3,54.8,51.0,48.2,80.6,1,2,1,1
12,3,Master,5,10,65.2,46.0,52.7,66.9,1,1,1,1
5,6,Bachelor,6,1,76.0,73.9,75.4,94.4,1,6,1,1
8,1,Bachelor,3,13,65.9,44.2,57.9,60.0,1,6,1,1
0,7,Bachelor,3,11,83.8,61.6,42.2,35.6,1,8,1,1
12,4,Master,4,16,70.9,53.6,60.7,36.1,0,6,1,1
4,5,PhD,5,11,76.3,57.9,44.6,82.7,1,6,1,1
10,1,Bachelor,2,11,77.3,88.9,50.7,78.1,1,1,1,1
6,4,Bachelor,0,0,49.0,63.2,61.2,25.1,1,7,0,0
0,2,PhD,6,12,65.7,66.7,78.9,53.8,1,7,0,1
13,4,Master,4,13,60.0,46.2,94.4,54.5,0,9,1,1
3,5,Master,0,23,80.7,71.3,83.8,43.0,1,7,0,1
5,4,Bachelor,3,1,71.9,70.5,60.9,29.8,1,8,1,1
1,3,Bachelor,4,11,62.2,68.8,98.1,42.5,1,4,1,1
9,5,Master,4,20,45.8,38.2,70.9,38.9,1,9,1,1
4,6,Master,1,15,41.0,49.5,46.3,30.3,0,1,1,0
10,2,Bachelor,3,3,69.7,85.8,63.5,74.6,0,8,1,1
9,3,High School,3,7,54.2,47.6,51.5,63.7,0,3,0,0
0,6,Bachelor,5,1,75.0,88.3,42.0,48.7,1,1,1,1
5,4,Bachelor,4,9,40.4,50.2,43.2,20.0,1,2,0,0
5,5,Bachelor,6,8,88.9,62.7,59.6,52.0,1,6,0,1
12,2,PhD,3,22,75.0,56.6,74.1,68.4,0,5,0,0
14,3,Bachelor,4,14,66.5,44.8,79.1,43.3,0,3,0,1
14,6,Master,5,12,90.2,45.1,42.1,35.0,1,9,0,1
3,6,Bachelor,6,22,79.2,47.3,57.1,55.5,1,8,0,1
12,2,Master,5,16,57.9,62.7,69.8,64.7,1,3,1,1
7,7,PhD,1,15,66.2,76.0,64.4,20.0,1,2,1,0
3,4,Bachelor,6,1,35.5,61.5,73.1,85.1,1,8,0,1
7,2,High School,4,19,81.0,59.4,55.0,33.0,0,5,0,0
14,6,Bachelor,3,19,60.6,81.8,82.4,49.5,1,9,1,1
12,1,High School,3,13,35.3,60.7,61.9,81.6,0,1,1,0
7,3,Master,4,2,47.3,50.2,74.1,60.5,1,3,1,1
4,2,PhD,4,22,78.1,42.0,55.9,79.9,1,5,0,1
12,7,Bachelor,4,11,89.2,82.9,62.9,89.1,1,2,1,1
14,6,Bachelor,2,7,65.3,54.1,36.5,28.8,0,3,0,0
3,4,Bachelor,6,1,50.3,49.6,48.6,76.0,0,4,1,0
11,6,Master,3,3,43.7,48.0,58.7,84.5,1,4,0,1
12,4,High School,6,13,86.2,81.9,63.6,50.5,0,9,0,1
1,2,Bachelor,5,15,71.7,49.7,100.0,52.1,0,1,0,0
10,4,Master,3,18,60.0,77.8,55.9,20.0,1,9,0,1
14,5,Master,2,1,56.5,55.9,40.0,73.6,1,9,0,1
2,5,Bachelor,4,11,75.1,38.2,89.2,20.0,1,6,1,1
2,5,Master,1,13,74.7,54.0,79.3,77.4,0,1,1,1
3,7,High School,4,5,51.6,59.4,43.5,29.6,1,6,0,0
3,7,Bachelor,4,12,47.9,57.9,69.4,85.8,0,8,0,0
9,1,Master,2,3,48.6,57.5,75.4,65.9,1,5,0,1
10,7,Master,6,21,58.0,54.2,64.6,78.2,1,5,1,1
10,2,High School,3,17,54.7,45.9,67.2,41.7,1,1,0,1
4,6,Bachelor,4,11,89.3,60.2,51.9,31.3,1,1,0,0
3,6,Bachelor,3,19,57.4,69.7,70.1,22.7,0,8,0,0
10,1,Bachelor,0,21,46.3,33.7,54.1,79.8,0,5,1,0
13,7,Bachelor,5,20,47.1,83.4,20.0,71.3,1,8,0,1
9,4,High School,6,18,62.2,20.0,65.1,72.0,0,2,0,1
7,1,Bachelor,3,7,37.7,61.4,35.2,63.8,1,4,1,0
5,4,Master,1,6,64.1,68.4,78.2,68.9,0,9,1,1
5,4,Master,5,15,45.0,49.1,43.9,52.2,1,3,1,1
7,3,Master,1,18,82.4,21.7,22.8,65.4,1,6,0,0
6,6,High School,4,5,66.7,58.3,33.7,40.9,0,7,0,0
14,5,PhD,5,19,96.8,63.1,61.3,51.1,1,3,1,1
9,7,Master,3,20,61.6,39.3,65.0,100.0,0,1,1,0
13,4,Master,5,10,20.0,45.1,39.4,58.8,0,2,0,0
10,3,Master,4,4,86.9,77.3,44.8,20.0,1,7,0,1
11,6,PhD,2,15,72.5,62.1,61.9,49.8,1,7,0,0
9,5,Bachelor,6,6,74.9,32.8,77.6,36.8,1,1,0,1
12,4,Bachelor,1,4,50.0,68.1,42.6,61.2,1,7,1,1
7,4,Master,4,10,64.4,43.3,68.1,40.2,0,6,1,0
13,1,Master,2,14,67.8,46.1,34.2,53.8,1,6,0,1
1,1,Master,5,2,61.4,63.6,67.1,43.2,1,7,0,1
8,6,Bachelor,5,4,39.0,61.9,74.1,61.9,0,7,1,1
0,5,High School,4,22,100.0,52.8,70.4,45.5,1,1,0,1
14,4,Bachelor,3,20,77.5,50.9,77.9,65.1,1,5,1,1
7,6,PhD,5,4,71.3,55.5,76.8,97.0,0,8,1,1
11,6,Bachelor,3,8,84.7,45.9,91.6,34.9,0,8,1,1
10,2,Bachelor,3,14,74.7,79.6,63.7,72.5,0,3,0,1
11,7,Bachelor,6,2,54.8,31.8,91.6,20.0,1,3,0,1
11,1,Bachelor,3,5,83.7,55.7,46.9,53.3,1,7,0,1
3,5,Master,0,16,77.8,33.7,58.7,62.6,0,4,0,0
3,4,Master,6,20,55.4,76.8,60.2,43.0,0,6,0,0
